# Resource object code (Python 3)
# Created by: object code
# Created by: The Resource Compiler for Qt version 6.9.2
# WARNING! All changes made in this file will be lost!

from PySide6 import QtCore

qt_resource_data = b"\
\x00\x00\xc0\x09\
\x89\
PNG\x0d\x0a\x1a\x0a\x00\x00\x00\x0dIHDR\x00\
\x00\x01\xf4\x00\x00\x01\xf4\x08\x06\x00\x00\x00\xcb\xd6\xdf\x8a\
\x00\x00\x00\x09pHYs\x00\x00\x0e\xc4\x00\x00\x0e\xc4\
\x01\x95+\x0e\x1b\x00\x00\x04\xbeiTXtXML\
:com.adobe.xmp\x00\x00\
\x00\x00\x00<?xpacket beg\
in='\xef\xbb\xbf' id='W5M\
0MpCehiHzreSzNTc\
zkc9d'?>\x0a<x:xmpm\
eta xmlns:x='ado\
be:ns:meta/'>\x0a<r\
df:RDF xmlns:rdf\
='http://www.w3.\
org/1999/02/22-r\
df-syntax-ns#'>\x0a\
\x0a <rdf:Descripti\
on rdf:about=''\x0a\
  xmlns:Attrib='\
http://ns.attrib\
ution.com/ads/1.\
0/'>\x0a  <Attrib:A\
ds>\x0a   <rdf:Seq>\
\x0a    <rdf:li rdf\
:parseType='Reso\
urce'>\x0a     <Att\
rib:Created>2025\
-09-07</Attrib:C\
reated>\x0a     <At\
trib:ExtId>4f2ac\
49a-ffa0-4837-8a\
0c-b8b6e0dc0096<\
/Attrib:ExtId>\x0a \
    <Attrib:FbId\
>525265914179580\
</Attrib:FbId>\x0a \
    <Attrib:Touc\
hType>2</Attrib:\
TouchType>\x0a    <\
/rdf:li>\x0a   </rd\
f:Seq>\x0a  </Attri\
b:Ads>\x0a </rdf:De\
scription>\x0a\x0a <rd\
f:Description rd\
f:about=''\x0a  xml\
ns:dc='http://pu\
rl.org/dc/elemen\
ts/1.1/'>\x0a  <dc:\
title>\x0a   <rdf:A\
lt>\x0a    <rdf:li \
xml:lang='x-defa\
ult'>Untitled de\
sign - 1</rdf:li\
>\x0a   </rdf:Alt>\x0a\
  </dc:title>\x0a <\
/rdf:Description\
>\x0a\x0a <rdf:Descrip\
tion rdf:about='\
'\x0a  xmlns:pdf='h\
ttp://ns.adobe.c\
om/pdf/1.3/'>\x0a  \
<pdf:Author>char\
liewaisaka</pdf:\
Author>\x0a </rdf:D\
escription>\x0a\x0a <r\
df:Description r\
df:about=''\x0a  xm\
lns:xmp='http://\
ns.adobe.com/xap\
/1.0/'>\x0a  <xmp:C\
reatorTool>Canva\
 (Renderer) doc=\
DAGyRufkyY0 user\
=UAD_MOJKyqw bra\
nd=Tim Kimxjago \
template=</xmp:C\
reatorTool>\x0a </r\
df:Description>\x0a\
</rdf:RDF>\x0a</x:x\
mpmeta>\x0a<?xpacke\
t end='r'?>^MA\xb0\x00\
\x00\xba\xf1IDATx\x9c\xec\xddy\x90\xa5W}\
\xde\xf1\xefs\xde{{\x9d\x99\x96f\xa6G\x9a\xd1\x0e\
\xda\x05\x12B\x06,\x04X\x06\xc7K\x9c\x02%0\xc2\
6Nb\x0a\x13;\xc6\xb1\x9d\x05\x13;\x18\x8d\xbc\xc4\
\xc6I\x81\xe3\xd8\xe5\xd8\xa9\xd8\xe5\xc4\x05\x15\x04U\x04\
'\x8e\x1d[\xac\x02\xc4*\x16\x81\x10 !\xa1}\x99\
\xb5\xf7\xee\xfb\x9e'\x7f\xbc\xef\xbd}\xa753\x9a\x91\
f\xe6\xde\xb7\xe7\xf7\xa9\xea\xed.\xdd\xa7\xdf\xe5\xfc\xce\
~D\x08\xa1\x19v\xb9\xfb]\xba\x92%oPn\xb5\
\xda\xdaX\xe6r\xb3;\x9c\x8b\xf4\x12\x89K0\xe7\x81\
v 6c\x8f\x22\x8d\x03`/ -a\xf6\x80\x1f\
F\xdco\xf8\x86\xf0gH<\x90(vw:\x9e]\
\x9aI\x9d/n\x18\x15?A\xe6\xbd\xc0.\x0d\xea?\
\x0e!\x1c\x83\xb8SCh\x80\x9d\xef3\x1f\xbf\x1f=\
6\x8b_\xaa\xb9\xa9\xactq\x82\x97J~\x05\xe8e\
\x98i\x04\xd8\xaa\xeej\x81\xc12ru\x9b\xf7\xbe\x17\
TO\x02\xc8\xd5K\xfd8\xe66\xd0'\x9c\xf9d*\
\xf2\xb7>\xf9\xfa\xc9\x03g|\x08^q\x1e\xbe\xe5\xc6\
\xc8*B\x18vq\x97\x860\xe4v\xbe\xaf\x8a\xbc\x8f\
=@\xab\x9c\x9f\xbf\xca\xa5~\x9c\xe4\xebe]a\xdc\
\x16\xc8`$uc5P?*\xa8C<\xc6\xbd\xc7\
\xa0\x17\xd8\xed\xeaU\xd53Z\x01\x7f\xcd\xe8#$\xbf\
w<M|y\xf3E\x94\x10A=\x84a\x17wh\
\x08C\xac\x0e\xe6\xe9\xb1\xbb\xe66\x94J\xaf\xb1y\x8b\
\xe4\xab\xb1\x12\xa2\xe8\x85\xecg{/\x1b\xf7\xfd\xae\xd2\
r)\xeb\x0e\xc4\x1f(\xe5\x0fm\xbfxr\x0e\xc8\x11\
\xd4C\x18^\xadA' \x84px\xef\xff:\xe9%\
\xc5\xfc\xb8\xa47\xca~\xab`\x1bV\x81,,$\xd2\
q\xf9CB\x02a\xdb\xa2\x90\x95\x8c\xaf\x01~\x07\xeb\
\xf4\x87\xbf=\xff\xa7\x9fZ\x9eX\x04\xf2q\xf9{!\
\x84\xe3\xee\xf8d\x06!\x84\xe3\xcb\x86\x9b\x9d\xaem/\
\xaa0\xafM\xd6\xbf\x13:\xd3P\xf4\x9a\xd0u\x02Z\
\xd8$\x09a\x91\x04\x85\xac\xedXow\xe9\x7f\xf8\xd2\
bA\xd8\xc2~\xfa\xdf\x13B8\xe9\xa2\xfd,\x84!\
t\xc9\x07-\xc0[\xbe\xbax\x0d9\xdf\x228\xdf@\
\xd5#\xae\xfa\xdb\x13\xca\xae\x86\xcbu\xa3\xf7w \xdd\
\xb8\xfb\xaa\xb1/\x00\xba\xfb\x06ET\x0fa\xc8D@\
\x0fa\xc8\x5c\xbf\xcb\x02\xb4\xcc\xd2Y\xa8\xfcS\x89\x1f\
\xc0\xdd1k'%\x98w\xd9Fu\x95\x5cF\xb7f\
\xd2O\x8dy\xf4a\xc0\x1f\xdd\x15A=\x84a\x12M\
\xee!\x0c\x99\xefT\x1fF\xe5\xeb\x90^\x81)\x8d9\
\xc9\xc1\x1c@\xea\x8e\x99\x17%\xf0\xf2\xa4r\xe7w\xc0\
\xdf9\x89\x89\x08!\x1c\x9d\x08\xe8!\x0c\x91\xebwY\
\xe7\x82\xceb\xfe2\xd0\x1b\x84G\xa0\xea\xd7f\x10-\
j\xaaZ\xf9\xb1\x84<\x22\xeb\xc7vh\xee\x92sA\
uKB\x08aHD@\x0faX\xec2\x1f\x05\xc3\
\x1cJ\x5c\x07<\x17XFN\x83\xed\x1c3\x96\x93`\
\xd9pQB\xd7\xed\xbd\x7f\x81\x8f\xbe\x1f\xf7\xad^\x17\
B\x18\xb0\x98\xb6\x16\xc2\x908o\x0a\x80\x94\xf7\xebL\
\x9bW\x09O\xda*\x04>!#\xda\x8f\x96T\xf5\xa3\
\x9b\x160\x89\xf4\xca\xa9\x0b\xfcW\xe7]\xc9c@\xbe\
\x7f`\x09\x0b!\xf4\x8b\x1az\x08C\xe2\xc97\xa3\xcb\
6\x81\x93\xce\x07.\xad\x9a\xda\xad\x81\x06\xf3\x1e\xa9\x8a\
\xecN6\x97\xdb:\xff\xf9cU\x9a\x07\x9d\xb2\x10B\
%\x02z\x08Cbn\x12\xf6>\xb2\xdcF\x5c\x09\x9c\
\xed\xeer/\xc3B\xe0\xaa/\xfdl\xe0\xca\xdd\x8f-\
\xb7\xe7&\x07\x9d\xa8\x10BW\x04\xf4\x10\x86\xc5;Q\
\xea\xe4Q\xb2/\x11L\xad.\xba><\xaa\xd5\xe4\x98\
\x12\x5c*\xe5Q\xde\x195\xf4\x10\x86E\x04\xf4\x10\x86\
\xc4\x0f\x16\xe4Tx\x0a\xf1\x5c\xea\x06n\x86k\xad\x08\
Y\xae\x86\xdc\xcb\x17\x90\xbc\xe9\xca\x22\x96\x82\x0daX\
D@\x0fa\x18\xd8,\x95+\x12\xda\x01\xba\x10H\xab\
\xdb\xa6\x0d\x0fU+\xbf&\xcc\x856;\xda++\xc3\
T\xe0\x08\xe1\x94\x16\xa3\xdcC\x18\x0e\xeat:`o\
\x93u6h(\x86\xc2=\x85z\x1d\xfbg\xcbl\x1b\
Y^\xa9V\x87\x1d\xa6\xbe\xfe\x10NQQC\x0fa\
88e\x09\xeb\x0c\xe3I\xc4\xc9^\x15\xeeh\x09\xdb\
\xd8\x1b\x80m\xdd-\xd8C\x08\x83\x17\x01=\x84a \
a\xe7\x04U\xff\xf90\xefh\xe6n5]~\xae\xe4\
\x14\xb5\xf3\x10\x86C\x04\xf4\x10\x86\xc4\xe2\x81T _\
PE\xcc\xe1\xa5j\x0f6\xd9\x5c\xb08\x95\x8aA\xa7\
'\x84P\x89\x80\x1e\xc2\x90hO\x17#F\xdb\x81j\
M\x99\xe1\xd5\xad\xa2o\x9f\xd8\x97\xda\x83NL\x08\xa1\
\x12\x01=\x84!\xd1Zd\x04{\xfbP\x87\xf2\x9a\x00\
\xc3\xf6Thd\xd0i\x09!T\x22\xa0\x870$:\
\x85\xda\xf5\xb45\x18\xce\x01q]\xb2\x90\xf0\x8e\xe5\xb4\
\x1c\x01=\x84!\x11\x01=\x84!\xa1\xbc2\x89<1\
\xc4\xe3\xe1zd\xdbh\x833c\x83NK\x08\xa1\x12\
\x01=\x84a\xe1\xbc\xa5\x9e\xd1\xdd\x80\x90^M\xabk\
g\xb6\x0c:!!\x84J\x04\xf4\x10\x86\x84\x8a4\xad\
j\xf6\xf907\xb7Wz;\xaa\xa6\xe9A'%\x84\
P\x89\x80\x1e\xc2\xb0\xc8l\x1d\xf2\x19k\x07\x11\xc2f\
\xeb\xa0\xd3\x11B\xa8D@\x0faxl\x067\xa6\xc1\
\xddU\xdf@4\xb9\x870$\x22\xa0\x870$,o\
R5\xc5{\xf8\xa9*xH\xde4\xe8\xa4\x84\x10*\
\x11\xd0C\x18\x16f\xb2\x19\xd5s\xe8\xcdD\x87\x89\x01\
'$\x84P\x8b\x80\x1e\xc2\xf0\x98h\xd2\x18wId\
+\x02z\x08C\x22\x02z\x08CBh\xc2v3\x9a\
\xdc\xa1Z\xd0\x1d&\x07\x9d\x8c\x10B%\x02z\x08\xc3\
B\x9eh\xc2\x8c5\xa0\xb7\x98\x9dR4\xb9\x870,\
\x22\xa0\x870$\x8c\xdanD{{\x97\xb1\x89\xa5_\
C\x18\x12\x11\xd0C\x18\x122\xed\xe6\xf4\xa1\x1bK$\
\x1c\xdb\xa7\x860$\x22\xa0\x870$,\xa7z\xa5\xb8\
\xe1Wo\x8a\x9eQ\x04\xf4\x10\x86D\x04\xf4\x10\x86\x84\
P\xd1\x88`^\xab\xb7l\x8f\x80\x1e\xc2\x90\x88\x80\x1e\
\xc2\xd0P\xd1\x8c\xf6v\xea\x05\xed\x8c\x22\xa0\x8704\
\x22\xa0\x8704\xca\x86,\x13\x07\xd5\x82v\xc2\xe4\x08\
\xe8!\x0c\x89\x08\xe8!\x0c\x0dQ\xed\x85\xde\x84Zz\
\x95\xc6\xd4\x94\x02H\x08\xa7\x80\xd6\xa0\x13\x10B\xa8\xa8\
\xf7)\x84\x10\x8e]\xd4\xd0C\x08!\x84u \x02z\
\x08!\x84\xb0\x0eD@\x0f!\x84\x10\xd6\x81\x08\xe8!\
\x84\x10\xc2:\x10\x01=\x84\x10BX\x07\x22\xa0\x87\x10\
B\x08\xeb@\x04\xf4\x10B\x08a\x1d\x88\x80\x1eB\x08\
!\xac\x03\x11\xd0C\x08!\x84u \x02z\x08!\x84\
\xb0\x0eD@\x0f!\x84\x10\xd6\x81\x08\xe8!\x84\x10\xc2\
:\x10\x01=\x84\x10BX\x07\x22\xa0\x87\x10B\x08\xeb\
@\x04\xf4\x10B\x08a\x1d\x88\x80\x1eB\x08!\xac\x03\
\x11\xd0C\x08!\x84u \x02z\x08!\x84\xb0\x0eD\
@\x0f!\x84\x10\xd6\x81\x08\xe8!\x84\x10\xc2:\x10\x01\
=\x84\x10BX\x07\x22\xa0\x87\x10B\x08\xeb@\x04\xf4\
\x10B\x08a\x1d\x88\x80\x1eB\x08!\xac\x03\x11\xd0C\
\x18\x12\xae?\x9a\xa2i\xe9\x0da\xbdk\x0d:\x01\xe1\
$s\x9d\x05\xcf\x01\xbf\x8a\xf8}\x0c:\xf6\xdf\xf1U\
x\xde'\xd0Y\x8b\xb04\x033\xdb\x91\x9f\x80-#\
h>\xc3\xd22\xda\x90\xe7\xdayL,-\xa5\xa2\x85\
R\xe92\x15\xa8\x95\x0b(J\xb5\x9c\x94\x0c\x92s\x1b\
\x1d!6X\x85\xe4\x22{\xfd\x86\x0fU\xa7`\xfc\x18\
\xcf\xc4@\xd5i\x1d\xbf\xee\xd7\xe7.Z\xc7\xa7\x86$\
a\xabD.\x0f\xfb\x22#+\xad\x00\xb6\x9d\x0b\xbbC\
\x82Nv\xa7P\x91;8\x8f\x8e\xe62-\x9a\xd94\
\xb92:\x82'\x12\xec^\xc6\x9a\x86\x8d\x8f\xe0\xd1\x8d\
\xf0\xd0\x18\xdc\xf9_0_\x85gt_\xfe>\xe2M\
\x98\xc9\xfa15\xe9\x8a\x0a\xcfV\x9c\xed\xf5\xaa\xcaa\
\xc5\xef\xc2\xce\xb3\x11\x1f\xc4\xb7\xdc\x22\x1f.\xa0\xef\xdc\
i=~\x05\xad\x95\x91N\xa1\xceB\x91\x8a\x94VV\
RR\xca\x93Pl\x90\xf2\x06em@l\xc8\x99q\
\xc9\xe3\x16\xa3Bc\xc6#\x09M\xd8\x8c\x08\xc6\x90G\
m\xb5$\x8fT\x7fL-La\x9c\x04m\x04Xm\
\x84\x0cIv\xfbi.\xc5\x16r\x81Y\x9fW\xac\xeb\
\xcf\xd2\x0b\x8dOWCrac\x0b\xed\xc5\xfe\x22\xa0\
u{n\xaa\xeb\xb5\x04:Gz\xa1\xa5\x15A6d\
\xe1\x0e\x06\xc3\x8aPF\x94\xe0\x0e\x80\xade\xc9\x1d\xac\
%\x8bE\xc1r\xb6\xe7%-\xdb^\x94Y2ZH\
\x89\x05\xcc\xac\x93g\xed4\xab\xa2\x9c\xc9+i\xbe\xdd\
\xce9\x979\xbb5^\xb6\x97[\xe5\xb6\xcb\xe9\xdcr\
c}o\x1f\x22\xa0\xef\xdciq\x03\xba\xe5A\xcc/\
\xd7\x89m\xc6%\x16\x8eQ\x9c\xd5\xf5\xc4\xd6\xd8\xcd\xe8\
J\xd0g\xa7\xc8\xfc\x12\xee\x0b\xe8|\xed\x0a\xb4\x91\xd9\
\xf1\x16\xc5\x84\xe8\x8c9\xa5\x89lo\x06\x9d)\xa73\
I\xec\x00\xce\x10L\x1b\x9f&k\x1c\xd1\x06\xb7\xb1\xda\
\x96\xdb\x98\xb6D\x0bha\x15\xc8\x05(\x19\xb7\x04\x05\
\xa8\xb0)$\xcb\xee\xbb\xbcd\xd4\xad\x86\xbb\xfa\xb9\xdb\
6`\x09\x0e\x19\xad{\xb9)X\xa7\xc4\xd5*\xec\xe6\
T\xab\xecS\x222t\xafW\x8e|\x9d\xca\xee\x8b\xff\
\xd5k\xaaw\xd4\xd7oM2\xb6,Qb\x97\x86R\
R\x07;\x83J\xcb\xa5\xa0c\xd3A\xac\xc8ZA^\
\xb1\xb5\x02\xacH\x9e\xc7\xdagx2\x99Gs\xe2a\
\xc4\xa3d=*\xf2^\xb9\x9cW\xd1Z\x5c.\xcb\xf9\
\x196,\x5c\xf15\xcc\x0d\xd0\x0b\xe8\xbf\x87^\xbc\x9f\
t\xce\xc5\xf8\x03\xdf\xc4\xec\xd2:n_9\xb5\xac\xff\
\x9bq=\xdbe\xce\x82t\xeeFR\xea\x80L\xf9\xf9\
E|%\xb0y\x0f\xc5\xc2\xd6\x85\xa9\x8e\xcai\xdc\x9a\
\xc6\xde\x01\xbeD\xe2\xb2\x0c\x17\xc9\x9c\x8d8\xcd\x96$\
\x04\x16U\xccM\xf5c6\xceU\x04\x96\x90Q\x15T\
\xd5k^\x95\xab\x9c\xab/X\xab\xae\x96X\x92L\x7f\
\xd4\xc6\x98^6\xd7\x8d\xd3t/\xc2\xc3U\xbf\xfb3\
\xd2\xc3\xbcd\x1d\xe9\x1e{\x86\xff?\xad\xa2\xb9\xd6s\
c;}\x83\x04\x0e\x17\xcc\xe9=~\xf0\xb3\xee\xbdU\
\xa8W\x80\x05a!\x5c\x15w]7l\x98\xba\x1cg\
\xbbw/\xd5O\xb8\xba\xcf\xe8\x1dk+Uo\xb3\x0d\
\xb9\xba\xcf\xb0\x85U\xfd\xaa}\x16\x0f\x00\xdf\x02\xbe!\
\xe9n\xac\x87Q\xe7\x89\x96\x8b'\xc6\x9f\x1c\xdf\xbfg\
3\xe59\x17\xc3\xec_\x81\xcf\xa45\xb3\x1d\x1e\x98!\
?\x08\x99]\xc3~\xe9\x85\xc3\x893\xd7\x146\x97|\
\x08\x9es\x1f\xfa\xd8\x0c\x5c\xbc\x95b\xeaQ\xbb\xc3B\
\x01\x8c#\x8d\x80\xb7\xca\x5c\x9c\xc5\xc5\x82K\x8d\x9e#\
\xf9|\xac\xb3\x8d\x8b*\xbf\xa8\xb3\x97*\xb3\xe8\xd4\xd5\
\x0a\xd5AVT\x99t\xf5\x85*\x7f\x91\xd4\x84\x00\x13\
\xc2z\xd6-5\xd4\xe5\x04\xdb\xdd\xa8.\x5c\x07\xf5\xaa\
\xf8,Z\xeav\xe3\xd4o\x90T\xda~@\xe8~\xf0\
\xbdF\xdfV\xe2;6w\x83\x1fB,\xca,\xb6\xf2\
x\xb9\xffL\xe9\xeeG)_\x02<r5\xbe\xfb\xd5\
4\xa7\xd1\xe8\x14\x17g\xa9\x09vY7\x5c\x05w\xa5\
*\xa0\xcf\xcd\xcdO\x96\x1d\x9d\x09\x9c\x89\xb9\xc4\xf8J\
\xa1\x0b\x10g\x81\xcf\x02MS\xd7\x07z\xb5(\xab\xac\
\x8a\xf9\xa8\x1a\x88\x86\xea\xaa\xc3`\xff\xb7\x10\xc2q\xd0\
k\xc9\xea\xb6\xf0\x1b\xba5v\x19\x5cTE\xf5n\x91\
\xc0\x92\xb4\x1f\xfb!\x8b\xfb\x81{\x84\xbeb\xb8\xdb\xe2\
Q\xd9\x8f\x8e\x94\x13\xf3\x8f\xbc\x90|Y\x86\x0f~\x09\
\xb89\x9a\xe6\x87]\x8cr\x1ff\xdd\xd6\xcc\x9ba\xf6\
\xbeN\xda\xb2\xbf|\xce>\xe5\xab\x93t\x15\xe6\x1a\xc3\
\xf9\x88\xadX\x9b\xc0\x09\xaa\xe6\xf0\xaa\x1f\xb6[0\x87\
\xaa\xc9\x9c\xde\xc03\xf5>\x85\x10\xd6\x87\xee\x0d-\xf5\
\xda\xdb\x0ez\xaa\x1a4W?Xe\x10\xf6&\xc1&\
\x99K\x8d\xb2\xe1\x00\xe2I\x99\xfb\xb0\xbe\xb0\x9c\x16\xbe\
\xbc\xf5K\xe9\x8e\xb9\xd3\x8a{Q+\xf7\xf2\xa3\xa8\xad\
\x0f\xad83\xc3\xcc\xe6\x87\x7f\x9d\xd1\x03\xcc\xbf\x02\xb8\
A\xe8\x05\xc0\x05\x86)\xe4\xb1\xba\xf4M=b\xac\xee\
\xdd\x96\x88\xf3\x1aBxz\xee\xb6\xc8\xd7y\x87\xab\x86\
|\x84\xb4\x88\xd9\x0f|\xc7\xf8\x0ee>\xe8\xc5\x89O\
|\xeawX\x8a\x80>\xbc\xe2\xcc\x0c\x93\xde8\x19q\
\xed\xae\xc5\x09)\xff\x08\xf8\x17\x11W\x0b\xc6\x81T\x87\
lc\xd5c\xd4\xac\xbe!\xb8!\x84\xf0L\xd8v\xb7\
VP\x8d\xda[m\xcc\xcb\xc0\x82\xc5We\xfeH\xf2\
\x07o{\xc7\x86\x99\xde(?\xa2)~XD\x10\x18\
4\x1b\xfe\x10q?\x5c7\xb1\xd0\xf6\x08\xdb(\xf9~\
\xe1\x7fis\x15\x90\xd4\x1b;^O\xde\xea\x0e\x8c\x8d\
\xf3\x17B8\xee\xec\xde\x5cRug3P\x0f\xa0'\
\xcb\xba\x83\xc4\xef)\xf3a\xc1\x93_\x9b\x1f_\xd93\
^\xbd1F\xc8\x0fV\x1c\xfd\x01\xba~\x97\xf5\xd1\x9b\
\xe0{\xde5\xdf\x1a\x99\xf1\xd9R\xfaA\xf0\x1b,\xbd\
L\xbd\xaepy\xb5\x00\x1cm]!\x84\x93\xcc\xae{\
\xcf\xeb\xee\xf9\xee<z\xfcq\xe0\xbd\xca\xfc\xdd\xacx\
\xe0KL\xac\x5c\x0f|4\xe6\xb5\x0fL\x04\x88A\xb0\
\xb9\xea\xbf\x93\xa6\xbe\x0biif\xc3r\xbb\xf8\xfb\xc0\
\x8f!\xbe\x0f\xb3\x09\xba\x93\xc8b\xf8Z\x08a\xa8\xb8\
;\x1b\xae\x8e\xda3\x88\x8f\x81\xde\xe3\x5c\xfeu\xbb\xd8\
0\xb3\xff\x5c\xf8\xf2?!G\xfd\xe3\xe4\x8b#~\xb2\
\xed2<\x8c.9\x17\xb6\xb2x)\xa5\xdf\x02\xbe\x01\
\xb1\xcdVQM)U=V5\x84\x10\x86\x8f{\x0b\
\xe0\xd8\x12\xa5\xcd\xe3\xc0_\xb6\x8a\xfc\x9f\x1fc\xc3]\
[\xda\xe8\xac\x0b\xf0-7Fm\xfdd\x8a\xa0q\x12\
\xed|\x9f\xc9&=\xfe5p{\xee5\xce\xe9\xb7\x10\
\x17\xb9^\xa5M\x22\xc5\x00\xb7\x10BCtg\xc9f\
 \xd7\x15\xf2{\x8c\xde\xf6\x85r\xfcC\xaf\xfe\x06\x22\
\x93o\xb9%\xb2\xb3\x93%\x8e\xf4It\xfe\xdf.\xa7\
\xed\xb7\xafl\x91y\x93\xd0\xbf\xb6\xbd\x15\xe8\x08\x15\xbd\
1nQ3\x0f!4\x85\xe9.5\x89QY\xadR\
\xe7\xdd\x96\xdem\xf1_\x1f\xba\xb6\xf5\xe4w\x7f`$\
\x0f:\x99\xa7\x8aXX\xe6$:\xfb\xd3+\x17f\xf8\
7\xc0\x8f\xdb\xde \x94\x81V\xac\xf4\x12Bh\xa4\xbe\
\xdeA\xe1\x96M6l\x11\xbc\xcd\xd9\xe7\x9eu[\xe7\
]\xdf\x85\xbbcQ\x9a\x93#\x8e\xee\x89\xd4w\x11\xbf\
\xf4\xe6\xb9k\x84~\xc3\xf8\xefU\xbb\x92A\xd4\xc8C\
\x08\xeb\x89\xc1\xf5r\x95\xd8\x94\xc0\xadH\xef\xf8\xd4\xaf\
\x8d\x7f\xb6\xf7\xa2\x08\xea'L\x1c\xd9\x13e\x97a\x02\
\xf1V|\xddo\xcc\xbd\x1c\xf4n[\xd7T\x8b\xc2D\
\xf3z\x08a\x9d\xaag\xb9UK^I\x88;\x90\xfe\
\xd5'\xdf>\xf6Q\xfe\x03b>\xe6\xab\x9f(qT\
O\x94\x9b\x9c\x10\xf9\xba\xb4\xf8r\xf0\x1f\xd8<_\xd5\
\xca\x8a\xa9\xb7\xdfh\x08!\xacG\xee\xed\x22\xefj\xf1\
K\xdd\x99\xf1\xbf\xf8t\x9e\xf8\x18\x90\xd8\xa5\xe8W?\
\x01\x22\xa8\x1coU\xe1T/\xfb\xcd\x05\x19^L\xe6\
?\x19\xbfXR\xb6IZ]o=\x84\x10\xd63W\
\xfb5+c'\xd0g\x10\xbf\x08|\xee\x93\xa3\xe3\xf0\
\xcb1W\xfdxK\x83N\xc0\xba\xf31\xc4\x228s\
\x05\xe6\xb7\x0c/\x02e\xdbI\x22\x82y\x08\xe1T!\
$c'\xa3\x0c~\xb1\xcd\xbf\xc7\x5c\xc1/`>\x16\
\x15\xca\xe3-\x0e\xe8\xf1\xb4\xab\xda\x85\xf8\xba\xf6\xc2\x0e\
J\xfe\x08\xf8\x07\xd4\xe3D\xba\x1b\x99\x86\x10\xc2)\xa5\
\xeaQw\xf7\x93\xa4\xbf\x12\xfc\xdcm[\xc6\x1f\xe4\xe7\
\xaa\xcd\xa8\xc2\xf1\x115\xf4\xe3\xc5\x86W\xc1\xb5\xed\xc5\
)\xdb\xbfc\xf8\x11\xe4\xdc]\xfe8\x84\x10NI\xf5\
\xb4\xdc\xbay\xd2\xc6?\x9c\xcdo_\xf7\xc4\xe2\x14\xb0\
:\x1b(<k\x11\xd0\x8f\xa3\xcbo\xa5\xad\xd2o\x95\
y]\xbd\xa7`u|c\x00\x5c\x08\xe1TV\xcfW\
\xb7HX\x92\xfc\xda,\xbf\xf5\xf2\x9b\x19\x19t\xd2\xd6\
\x93\x084\xc7\xc3.\xf3R\xcd\xb5@?\x81\xf4N\xec\
mT\xf3\xd2\xa2\xa1=\x84\x10\xba\xea\x89\xea\xd5\x86m\
z\x5c\xf6\xdb\x0c\xef\xf9\x94':1\x95\xed\xd9\x8b\x1a\
\xfa\xb3\xb5\xcb\xba\xd0K\x85\xac\x17!\xfd\xbc\xe0\xcc\xaa\
\xc3<\x82y\x08!\x1c\xa4\xb7\x8d\xa4$8\xd3\xd2/\
\x08^|1K\x05\xbb\x1c9\xe6\xb3\x14\x01\xfd\xd9\xba\
\x13\xa6\xdb\xdel\xe9-2WW[\x07;\xda>B\
\x08\xe1H\x8ce\xbf\x00\xf4\x96m\xf2\xe9\xdc9\xe8\x04\
5_\x04\xf4g\xe1\x9a?vq\xc6>\x9c\xb2\xdf$\
\xf1\x1ap!\xf5\xf61\x0f!\x84pX\x16\x90\x8c_\
c\xfc\xd3g\xec\xc3\xd7\xfc\xb1\x8bA\xa7\xaa\xc9\x22\xf2\
<C\xd7\xfc\xb1\x13\xc0\xc4#\xf3\xaf\xcc\xe2\xfdH\x9b\
\xba\xfb\x0e\xc5^\xe6!\x84pd\xd5|\xdez\x19l\
\xfb@J\xbcn~\xcf\xc4\x87\x99\x83/\xfcI\xac$\
\xf7LD\xe0y&\xea\xbe\x9e\x97\x15\x0b\xe7\xd8\xbe\x05\
x\x91-\xd7\xab\xb3\xc71\x0d!\x84\xa3S\xf5Q\xda\
B|6gn\xbc}t\xe2\x01\x00~E1\x9f\xed\
\x18E\x93\xfb1\xda\xb9\xd3\x5c\xf5(\x5c[\xcco\xc8\
\xd9?kt\xb5\xad,b@G\x08!\x1c\x13\x1bl\
U[I\xeb\x85\x85\xf8\xb9k=\xbf\xe1\xe5\xd7\xc1\xce\
\xf7E<?V\x11\xd0\x8f\xd1\xdf=\x07m\xd92\xdf\
*\xcc\xf5\xc0\xebe'A\x8a\xdd\xd3B\x08\xe1\x18\xa9\
\xee\xa0\x94\x93\xec\x04\xdc\x98J\xaeo\x7fn\xbe\xf5w\
\xf7F~z\xac\x22\xa0\x1f\xa3\xbd\xe3\xb04\xea\x1d\x86\
\x9f\x04v\x18\x099By\x08!<\x03B`\xc9\x92\
,m\xc7\xfc\xe3\xa5y\xed\xd8\xbb8\xe8\x945O\x04\
\xf4ca\xeb\xe5\xcc\x8f`\xbd\xda\xe6G%FT\xef\
\xfaK\x8cG\x08!\x84g\xa2ZD\xce\x16\xf6\x08\xf0\
\xa3\xd87\x5c\xd7\x9a\x1f!\xba2\x8fI\x04\xf4c!\
\xb9l\xa5\xf3,\xbd\x19\x18\xb7\xa5\xfar\x8b\x8b.\x84\
\x10\x9e\xb9\xdez36cX?\x9d\xcbt~]Y\
\x0aG)\x02\xfa1x\xc9.\xb7(\xf3?\x17~\x1e\
\x80\xe4\x98t\x1eB\x08\xc7\x87\xea\xad\xd9@\xbe\x22\x91\
\x7f\xe6\xbaw\xba5\xd8$5K\x04\xf4cP\xa4\xc5\
\x97\x0a\xdeXm\xf8W\x15'\x07\x9d\xa6\x10BX/\
\xba\xcbf\xdb\xc8\xf0F\x96\xe6\xaf\x1dt\x9a\x9a$\x02\
\xfaQz\xd9o\xef\x1b\x17\xf9\x1dFS@\xf4\x99\x87\
\x10\xc2\x89!UM\xed\xa7\xd9\xbc\xfd\xfa]\x1e\x1bt\
\x82\x9a\x22\x82\xd2\xd3\xd8\xf9\xbe\xaa\x97\xfc\xe1o\xcc\xbf\
\xc1\xe6O@\xe3\xc2&\xb6^\x09!\x84\x13\xc3\xb6\x85\
d-$x\xf3\x99\x97\x8d\xbf\x07\xe0\x96\x1b\xa3O\xfd\
H\xa2\x86~\x04\x9b\xbfmn}!<\xf1\xad\xce\x06\
\xd0N\xc4\x98D\x8e\xa6\xf6\x10B8\x81$\xc9\xca\xc8\
c\xa5y\xfd\xc3_\xeel\xbc\xf5\x85U\x9e\x1c\x0e/\
\x06\x1c\x1c\xc1s\xff\x02\xb5\xda\xa4\x95r\xe5U\x98\xab\
\x11T\x8b\xb5\x0f:e!\x84\xb0\xde\xb9;\xec\xf8\x05\
\x1eY~\xe5E\x7f\xd1\xfa\xcb\x0cyOo\xe4\x5cX\
+j\xe8G\xd0\x06\xc1\xe2F\xe4W\x80\xb7*.\xa4\
\x10B8I\x84\xb0\x81i\xa1\x97\x17Z\xdc\xd8\x8en\
\xe2#\x8a\x80~\x04\x9d\xcd\xa4T\xe6\xf3m\xae\x05F\
\x88\x8b)\x84\x10N\x12\x83\x91q\xdb\xe2Z\xc8\xe7\x8d\
D\x1e|D\x11\xd0\x0fg\x97S{\xdf\x92p\xbaB\
\xe8\x02#a\xc5nj!\x84p2T3\xd8D5\
h\xe99B\xcf\xeb\xb0\x94\xd8\xe5\x88[\x87\x11}\xe8\
\x87\xf1\xa2\x1d\x14~\xa4\x9c\x04\xae\x97\x99V\xb5\xfbJ\
LWk\xba\xea\x0czu\x1b\xe6\xea\xc1\xd5\x93\xaa\xde\
K\xe8{\xac\xfb\x02\xf7>\xad~\xd3\xff\xde\xc3\xff\xd1\
#9\x9e\x97\xd4Q\xf6\x0a\x89\xa7\xac\xaa\xe9\xde{\xd5\
\xf7\x9a\xd5\xaf\xc2U\xd6\xda{\xcc\x07\xcf\xdf\xec\x1b+\
j\xd7\x83MV\x8f[\xff;C8*\xd5`wd\
{Z\xe2\x15\xa6\xf3\x7f^\xb4}t\xees\x10\xfb\xa5\
\x1fB\x04\xf4C\xd9e\xce;\x8d\xf2\x91G5\x05\x5c\
\x8c\xed:S\x8f\x92\xe1\x89\xf1\xd4(\xe4\xd5\xbc\xdf\x07\
\x05\xce\xba\x5ce\xf5\xbdmM\xe4\xe9\xc5\x8c\xd5_\xbb\
\xfa\xca\x83GB\xac]\xb9\xb7\xda\xd4~M\xdcq\xff\
\xa3\xae\x9fR\xdfo\xa8\xb6s>t\xbc\xaa\x1f;R\
\xac\xd7\xa1\x0f\xc1\xb19\xdc\xdf?\xcc\xdf<\xe8\x8fW\
_Wgb\xf6?\xde\xff6\xad\x06\xf5\xea\xab\x0f\x9e\
D\xd4\xdd\xd6\xba\xaa\x5c\x1dt\x9c\xbb\xf7P]\x84:\
8\x9dk\x0a\x12\x07'r\xcdsu!\xe2)\xc9\xeb\
\xfb\xff\x8f\xae\xc8\x10\x05\x8b\x06\x90$\xec\x5c_M\x97\
\x82\xa6\xce;\x8d\x03\x9f\xdbe\xd8\x15\xa7p\xad\x08\xe8\
\x87p\xf5\x99\xa4{\xf6\x90'\xe0r\xf0Eu>\x16\
WO\xbf\x83bG/\xb3\xee\xd6\xfal\xdc\x9f\xa9\xeb\
\xd0o|Jd]\x93I\xd7\x81\xa6\xbb\xce\xb3\xe9\x0f\
\xe6\xee\xd5\xb4\xab\x12W\xb5\xbeT\xf5\xb7]\xc5\x1b\xb9\
N\x92U\xc5\x9a*\xac\x88\x12(\xeb\x84w\x04\x9d:\
\xd9\x1dAY\x9dj/\xd7\x7f1#\xad\xb8\xba\x00:\
\xb6\xca\xfa\x1f]\x01\xe5n\xa2\x84;\xa8\xf7\xf3j\xfa\
%\xb0\x971\xf9)\xdd5\x06\xd0r\xaf\xc0\xf8\xac\xf4\
\x82p\x0b(\x8e\xf8\xeb\xaaS\x95\x90\xda}\xefKv\
=\x0e\xb4W}\xd7H}\xed\x1b\x91\x84\xdb\xb6\xea\xd3\
*\x81\xdbt\xeb\xe5\xd5\xff\xd6\xae\x0e\x05-P\xab.\
\x00\xb7]\x9d\xbf\x91:\x12K\xae+\xfcui\xaa*\
d\xb9:Y:($\xab\xdb\x80R\x9d\xc2\xea\xb9z\
\xb2I\x7f{@_Q\xa2\xaf\xe9e\xed5uP!\
\xa0N\xc5\xda\xe3r\xd0\xa1T\xd5\x83\xeb\xbe\xb6\x06\xf5\
\xbf\xe0\xa0\xc3\x1f\x9dq'\xca\xea\x91\xbd\xd0\xe2\xb2{\
\xf6p\xff\xd5g\x92\xee\x88Z\xfaSD@?\x84\xad\
3\xd5\x054o\x9e\x8f\x98\xae3\xb4S\xefvu\xb7\
\x18\xe3*\xbf\xadcu\xb7V\xe6\xd5%p{\x81\xb6\
\x0e\x8c\xaa\xc6\xa7\x1e\xd4\xec\xaaj\x8c\x0bY\xa2\xc4\xce\
\x86\x12T\x82KU7giQbJ\xa4\x15\xd9\xf3\
\xc8s\x98e\xdbK\x12\xcb\xb6\x96\x05K\xa0e\xdb\x8b\
\xf5\xf7K\xe0e[\x8bR^\x96\x8aE\xf02f\xc9\
h\x09\xf2\x22\xf2\x0a\xa8S\xb7\xb7g\xaa\xbf\x8d\xa4\x92\
\xeag\x83\xca*\x89v\xf5\xbc\x0d\xca\xc8e\xfd\xff\x96\
U\x10\xc7\xb6\xcb*4U%\x08\x89R\xa2^\x0d\xa3\
{|T\x1d\x92L\x875Q\xbb\x0a\x822\xa6\xd4q\
\xd9\x80\xa2\xfa\xd5\x19\x0at4}\x8c\x92D\xd1Mm\
\x153i\xf5\xca_\xd5\xc9m\xf5\x07N\xe3v_W\
\x84$\x0a\x0e\x8el\xad\xfa\xe7\x82j|\x8e\x5c?&\
\xdc\xaak\xf8\x09\x91\x945\x02\xa9\x8ds\x22y\x0c)\
\x09\x8d\xd5\x05\xb4q\xc8\x85P[\xa2m\xd1\xc6\x1a\x03\
\x8f\x80\xc6\x8cG\x85G-F\x04cX#\x88Q\xdb\
#H\xa3\x98Q\xa168\x01\xa9\xbewS\xdf\x87,\
\x0aP\x12\x14\xb6\x0b \xa9~\xaej\xc4\x91\xbb\x1b\x80\
uc{u\x10\xaa\x02\x8f\xba\x8d\x0d\xbdB\x82\xba\xa7\
\xd8\xd4\xd7\x90\xbbE\x9f\xee&NU\xb7E\xf7\xcd\xf4\
m\xd4X\xdf,\xb1\xbe\xc5\xa1\xa9\xce\x8b<\x0d<\x7f\
\xeb\x0c\x7fM\xb4\xb0\x1cR\x04\xf4CX\x99\xa5\xac*\
*\xbe\x0c+!\x1f\xa2H\xben\xf4Wi\x5c\xf7Y\
\x19\xd5\x0d\xcd\xa6\xb0\x94\xaa6\xe7\xaa6\xda\xedz\xad\
r;\x97\xc0\x82\xad%\xf0\xa2\xcc\xa2\xd1\x92\xf1\x92\xa4\
%\x9b\x03\xc2s\xa0\x19\xf0\x0c\xf2\xac\xd1LB\x07,\
\xcf\xda\xcc\xb4\xe4\x039\xa5Y\x9bYef\x8cW\xea\
\x16\xee\x5c\xd7\x82\xabL\xd2t\x9b\xde\xea\xday\xdfs\
Up\xcc\x08\xa7\x94\x5c\x82Y\xc9\xb9t\xe1\xac%\x8f\
\xf3u\x7f\xfc\xa6\x13\xba,\xb4\x1b\xbd\xde\x90\xbbQ\xe9\
\x04z\x1b\xda\xf8\xbff\xfc\xfc\x9f=@\xeb\xc9\x8dJ\
\xad\x8d\xeatf\xf1\x98\x92i#\xa7\xba\xbc\xd0I\xd4\
\xfb\x18\xaa\xde'\x1b\x94V\xa3)\x02%9w\xfb\x09\
Ru\xa9J2\xc9U\xa4\x14@\x0b\xa5\xdc\xd1x.\
\xca1)\x8dI\x1e\x03\xc6\xb3\x98\xc4\x9e\x04m\xb4\xd8\
 k\xd2x\x13\xd6\xa4\xc4\xa4\xf0FK\x13\x82\x09\xdb\
mPK\xa6\x8dh\x83[\x98\x11P\xdb\xa6-1\x8a\
=j\xa9\xa8\xd2Q\x15\x03\xba\xd9\x86e\xad\x8e\xbe\xe9\
\xc5\xee\x5c\x15,U\x1fx\xa9\xdb\xb0T\xb5Y\xd4\xa5\
\xe3\x83+\x12\x0d\xbe\xc0\x9e\x95nS_!\xeb\xb2\x95\
9\xa0ja\x0bk\x9c\xaa\x17\xc8\xe1\xed\xad\xca\xd2/\
\xff\xc3\xf9\x1de\xd6\x07\x05\xdfS\xdf\x81\xeb\xa7\xff\xbc\
[\x1b\xa8j\x14\xd9\x22\x03\x96\xddF\xca\x98LUc\
6\x22c\xef\xb5\xf4$f/\xf2>\xc1\x01\xcc>\xa4\
'l\x1e\x17\xe5\x93v{\xaf\x8bro\xcay_N\
\x9d\xbd%K3\xe5\x03g\xe4\x85\xedP\x8c\xc3\xc8\xe9\
0\xb1\x1b\x8ae(F`\xf3\x85p\xd7\x93p\xe7\xe3\
u\x9an\xaa\xbf\xfe&zII\x1a\xef\xb6\x89\x18&\
\xa6\xf1\xe4\xb6\x83\xff\x85o\xee\xc6_~\x8c\xd5V\xd3\
\xb3\x807\x1f\xa2#Z\xb1T\xe4P[-H<\xb5\
\xd0\xfc>\xe0\xeb}!\xad>\x93\xaf\xbc\x00m\x99X\
}\xd9\xec\xa3\xb0\xb0{\xf5u\x9d1\xe8\x8c\xc0#\x07\
\xc8\xf7\xbf\x09s\xf6\x9a\xeb\xe2w\x81\x058g\x13|\
\xef\xd9\xb0\xff~X\x9e\xab\x8a\x0b\xb3gV/Y\xde\
\x03\xe5b\x95\xa0\xb3\xee\x81\x03\xdbh\x8dL\xceO2\
\xa2IH\xe3\xb9,7e\xa5\x09\xecII\xa7\x19\x9f\
Fb\x8a\xcci2S\x96'Q\x9a\x00O\x02\xd5\x87\
\xd9\x00\x9e\x94\x98\xc4\x8cYJu\xf1XU\x0f\x91T\
u\x85XU\xf5\xde\xb9n\xc1\xa2\xee\x99\x90\xed\xbaU\
\xac\xdb\x92p\xaa\xec\xf8\xe8LU.\xfa|Q\xf8\x86\
O\xbce\xe2a@\x9c\x1e\xf7w\xbf\xa8\xa1\xafq\xee\
\x9f\x01\xa0NGg\xa5\xe4\x8b\xeb\xc2\xfe\xfa\xb8a\x5c\
g\x07\xd5\xb7\x9d\xaa\x8f\xd9K2\xfb\x81YK\xb3\xe0\
\xef\x80\xef\x03\x1e\x06\xed\x11\xc5n\x94wc\xed\xce\xf2\
\xbeE\xda\xfb/\xbc\xa4\xbd\xfc\xf5\xbbPk\x0coH\
\xd0\x9e\x83\xe9\xcbav\x19\xfeo\x07\xf3O\xe1\xb5\x1f\
 \xdd\xf7\x00\xad\xa7\xf4\x1a?u\x9c\xda\xc17\xe4\xdb\
\xf1g\xa4gV\xfa\xfeg\xcf\xe8]a\x90\xba-\xfe\
\x95Ce\xceOy\xec\xc3\xc7\xf2\xfbwq\xe8\xd6\x87\
\x83\xc7v\xf4\x8f\x83\x5c}\xddj\x9f{\xbe\xfd\x1cJ\
~ib?\xff\x91\xfd\xcc\xa1\x1d\x1b\xe1\xbas`\xff\
\x03\xb0<\x033\xdb!/\xc3\xd2\xee\xea\xfd\xe7\x9e\x8d\
?\xb2=\xf3\xa2\xaf\x1c\x98\xc8\x9d\xd1Ig&%&\
d&eMdyR0\x814i\xd8\x08L\xd9>\
]b\xb3\xad\xd3%\x9fnt\x1aU7\xc2\x08x\x0c\
kT\xd2\xa8\xcdh\xd5\xadU/\xa5\xb6\xdar\xb1\xda\
\xfc\xbf\xee\x06\xf0\xaa\xdb\xa9wQ\x99\xb5\xe3\xdc?\xe3\
\x11\x80\xef\x0e:YC&\x02\xfa\x1a\x17\xce\x03\xe0\xe5\
\xa4\x1d\xb67UM\xcaZ\x07\xc7\xa9;\xba\xd8\x06-\
\x0b\xdfi\xfb\x1eI\xdf4|\x15\xfbAg\xefU\x8b\
\xfd\xb9S\xec\xdb\xb2ml\xe9\x81\xdd\xa8=\x8dO\xdf\
\x0bs\xd3\xf8\xf6\x07\x81\x1f\x83\x0b\xbf\xdc\x1b9Ue\
!\x87\xc8\x86?\xf0Z2\xaf\xd3\xd1\x0fZ\xd9\xf5\xec\
\xff\xc3\x10\x0e\xe9\xe0BC\xcf\x03\xe0\x07\x8e\xe2\xed_\
\x03\xf8\x1f\x87\xec\x92\xa8~~\xca\xc0\xcf\xca\xd2\xc7\x92\
o\xfb\xc9\xd3\xe6\xf9\x00\xf3\xd7\x9d\xc3\x13;6\xc2\x13\
_G\xe5\x08,m\x81\x95}\xa8\x98\xc0_\xda\x8d/\
`N\xd3\xe41Y\xe3\x22\x8d\xe1<f\x8a\x09)M\
\xca\xde\x88\xb5\x99\xc4V\xc36\xc16\xa3-\xd8S\x86\
\xcdH\xa7c\xb6\xca\xdeP\xd7\xe2\xe9\x8d\xcb\xa8G\x81\
\x1e*}\x0d#\xe1\xd20\x85u\xd6\x99\x1b\xf8\x02D\
@_k\x1d\x04\xaa\xe3\xeb\xc3o\xc7|\x1b]\xf7\x1e\
_R=\xd2\xf4\xfb\xa0{O\xd7c\x83\xado\x0a\xfe\
,\x17\xdcJ\xe6!\x9cg\x8b\xb6\x17\x8a\xe5\x0dFh\
\xf4<\xfc7\xe0W\x9c\x0b||\xf5W\xf4\xff\xba\xf7\
\xbf\xfei\x9a\xb9~\xeaD\xfc\x17!\x0c\xd0\x9aB\xc1\
\xc3\xc0-\x87nQ\x00\xe0\xebP\xddxwV\xef\xee\
{\xea\x90c\xee\xef\xbdi\xd2\xf7\xfe\x0d\x0b|\x9a\x85\
\x1f\xbe\x10m\x1c\xad\x82\xff\xc8\x06<u\x0e~\xf0\xd3\
ht\xd3L{\xb1\xd5n\xb7rn;i\x14iR\
\xf6i\x90\xa7Q\xda\x0e:\x0b|\x81\xe0b\xdb\xcf\x17\
l2\xdd\xc9\x1f\xddA\xad\x0d\xce\xd0\xaa\xd1\x89\x08_\
\xf4\xd9\x87\x0f\x7f\xecOe\x11\xd0\xfb\xd5\x95\xd8\x17\xfe\
.\xe3\x86+\xba\x03S\x1b{\x07\xd4\xab\xa6\xa8{K\
\x8b\xcf\x0a\xfd[\xa1\xcf\xccn\x1e]\xfa\xca\xe3\x88\x0b\
1o\xc0\xd7\xdf\x0c\xf4e2\x1f\x7f\x05\xf0}\x87\x08\
\xdc\xbbNV\xe2Ch\xb8\xd5\x9c\xc3\x9f|\xea\xb3\x07\
\xdf[7\xd5?\xea\xa0\xe7z\xa3\x07>\xfd.\x80\x8d\
\xcb\xdc\xcc\xca\xa5[\xa0]\xc0W\x1f'_\x0fJ#\
\xfb\xb5\xbc2\x9a,\xb7\x84G\xa15E\xea\x9ca\xeb\
\xc5\x98\x7fd\xe9\xa5\xb2\xc7\xe8\x9b\x17\xd8P\xaa\xc6\xc2\
\xeay/1\xe3\x9f\xb9\x89\x05njt\x0e}\xdc\xc5\
\x91\xe8W\x07\xf4\xebv\xcdo\xa5\xd0_b\x7f\xaf\xa5\
\xac\xa6.\x91[\xcd\x06\xb7\x04\xd9\xbe\xddJ?\x7f\xfb\
\xaf\x8d}\x91j$m\x94pCX\x0f\xfa\x07\x16\xae\
\x09n;\xdf\xe7\xf4\xd0]K?\x88\xf2\x7f\xc3\xde\xa1\
\xaa\xa6\xde\xc8|\xdf8\xcbJ\x96?\xad\xcc\xab?y\
\xd3\xc4\x93@\x04\xf4>QC\xef\xf7y\x00T*\x8d\
\x17\xce\xe7Y\xaa'\xa26\xf0\x82\xe9_\xc7\xd3\xfer\
A\xfa\x85\xdb^5vG\xf5H\x04\xf3\x10\xd6\x8d\xc3\
\x8c\x11\x00\xb8\xe5Fe\xe0\xaf\xbf\xf7\xd7\x17\xde\x98\xc4\
\xff\xc4\x9e\xa2\xa1\x0d\x8f\xb2\x84lY\xe7e4\xce\xe7\
\x0f\xee\xb6\x08M\xady\x9e(\xefF\xbc\x1b\x92\xbc\xa1\
\x9e\x10Q6w\x84{\xdd\xba&\xbe\x8b\xd2/\xde\xe6\
\xb1\xcf\xf3\xb74\xf1>\x0e!<K\xb7\xbfc\xfc\xff\
\x81\xff|\xd0\xe9xV\xaa\x19\xfe%\xf2f\x94'\xf9\
&\xf0\xcdf\xb66\x9c(QC\xef\xf7\x9e\xaa\xb4\x97\
n\xd6\xb6\x5cO\x04\x1dt\x92\x9e\x91n\xed\xdcZ\xb6\
\xf4\xaeO\xbdc\xfcc\xbdgB\x08\xa7$\xa1\xbf\x00\
\xef\xc4l\x87&\xae~\xa9\xde\x0aXR\xda\xc6O\xf0\
\x0d\x00\xde0\xe0d\x0d\x91\xa8\xa1\x1f\xa47\x13k;\
\xab\xeb\xb77/\x08V-\xea\xd9\xe2#\xc6\xb7\x0c:\
9!\x84a\xa0{@\xb7\xd2\xc4<\x0dX\x9dd\x8f\
\xaa<Z\xd1\xe2\xb8F\x04\xf45^\xf7^'\xaa\xf5\
\xdb\xbb{\x9f7\xeb\x8a1\xae\x16\x9e\xd6\x22\xf6\x07\x93\
:O\xd0[\xac5\x84pJ\xb2\x05\x9d9\xc8_\x04\
\xf2q\xd9>\xe0\xa4\x93\xea\xce\x7f\xc9l}\xdd{c\
_\xf4\xb5\xe2\x80\xacq\xe0\xc1\xc5\xc2\xb0\xb5^\x1au\
\xd0\xc99v\xd5\xde\x10\xd9\xf0\xa5\x04\x9fz\xa8\xdc\xd8\
\x89Ap!\x84\x9cs\xc7\xe8\xab\x86{\xb1\xb2\x1b\x99\
\xc1\x99z\xef\xa7\xe9\xd9G#~\xad\x15\x07d\x8d\xe5\
\xb9\xb9Bx[\xdd\xdc\xde\xb4\x9a\xad\xeb\xc5\x9d;\xc0\
W,\x1e\xba\xafy\xffC\x08\xe1x\x93\xfci6Y\
\xd2}\x82\xfb\xea=c\x06\x9d\xaac&$\xcb\xb2\x99\
^\x9e_(\x06\x9d\x9ea\x13\x01\xfd)\xda\xc9\xd6V\
\xc9\xa9y\xb1\xd0r\xb5-\xe8>\xf0\xedN\xe9\xc0\xa1\
\x17f\x0d!\x9c\x82$y?\xd2w\xeb\xed\x8b\x9b\x97\
7\xd4\xdb\xcd\x0aO\xe7\x95\x95\x08\xe8kD@\x7f\x8a\
\xa2@l\xa97khTD\xaf\xf6p\x16\xc6\xfb\x84\
\xee\x1e\xe9\x8c\xe5\xeb\x9b:R?\x84p|\xfd$.\
J\xcf\x09\xbeei\xbe\xeaSlZ\xb3\xbb\xa4*\xa3\
;}\xa9UD@_#\xa6\xad\xad\xb1\xd4RJ\xa5\
'-e\x99\xd4\xa8\x90ng\xa4\x02s\xaf\xc5#[\
.\x1dt\x82B\x08\xc3b\xe7\xaf`\x98\x5c|\xe4\x8a\
\xc5o\x93\xf2,h\x02S4*\x8f\x03,gY\x1b\
\xd5\x89\x0a\xe9Z\x11\xd0\xd7r9\x0a\xad\x04\xf5\x9e\xe1\
\x8da\xd7;\x9cg\x89\xbbsb\xf7\x07\xee\x8a\xday\
\x08\xa1\xb2\xbc\x01\x00Y~\x04\x98\xadwn{\xea>\
\xf4\xc3\xac\x9a\x85np\x91\x0b\x8d\x0c:9\xc3&\x02\
\xfa\x1a\xcei\xc2\xd0\xae\xa7\xad5\xe8b\xaf\xc39d\
[\xf7.O\x8f\xcf_\x03|\xe1g\x1a\x92\xfc\x10\xc2\
\x09\xb5xe\x9d\x97\xedg/\xe8\x00\xa2U\xb5\xb87\
(\x8fP\xbd\xe5\x1a\xb4Z\xe4\x89A'g\xd8D@\
_#\xa1Ip\xab\xee>o\xd0\x95\x8eA\x85\xe4\x15\
[\x0f\xd0\xb7S\xd3 \x13\x15B\x18\x0e\xf7\xb7\xaa\x0a\
\xca4\x9e\xc9\xe8\xe1:chXD\xefn\x17\xe7v\
)M\x0e:1\xc3&\x02\xfaZb\x02\xabU\x8f\xa6\
\x1ctj\x8e^\xb5\xe5q\xb2\xb5[\xd2#\xdb7\xf6\
\x1e\x0d!\x04\xbe\xf1C\x00x\xfa\xcf\xf3\x01F\xd2\x03\
\xa0\xcc\xea\x96\xc9M\xcb\xecZv\xd4\xd0\xd7\x8a\x80\xbe\
F\x82\xd1,\x17\xb8Y\xfb\x06\x9bn\x8a\xfd\x08*\x1f\
\xfb\xdf\xdf\x8a`\x1eB\xe8s\x11\x14K0\x7f\xee\x86\
\x99\xb1\xc7\xe6\x1f\xc4d 5nUw\x0b\xe4\x82\x1c\
}\xe8k\xc5(\xc152j\x0b\x8a\xa6EC\xc9\xb6\
e\x89G\xd5.\x9f\xb8\xe2\xb5\xc0;\x22\xa8\x87\x10j\
\x12/\xf8s\x04$[\x8f\x0bg#\xa3\xa6M]\x03\
 \xa1\x08\xe8kE@_Cx\xc4&\xa9a\xcb(\
\xb9;\x03\xddz\x92\xf1\xa9\x85\xd3o\xa5\x99\xfb\xb8\x87\
\x10N\x98\xf6B\xf5!\xf3\x98a\x89nkd\x83\xa8\
Z)\xae\x10\x1e\x1dtZ\x86M4\xb9\xafe\x8dH\
.\xecf\xc5Ca!I\xe6\x89={\x1b\xb9lm\
\x08\xe1\x04\xdb2Zu@\xefU~\x5c\xd2\x1e[S\
\xc8\xb9Q\xdb\x96U\xfb\xa7\x16\x86\xa8\xa1\xaf\x11\x01}\
\x0d\xe3\x11\xa1\xd4\xb8q\x22H\xc6V\xd2C\xa3\xa77\
.\xf1!\x84\x93\xe0\xb33\x00\xf8by/h\x0f\xe2\
\x82\xa6\xe5\x16ur\x93\xec\x08\xe8kD@\xef\xd72\
\xf2\xfc\x88\xe5\xa2Y\xa3D02\x98y\xacG\xa7\x9e\
\xac\x1f\x0b!\x84>O,T_/-\xd2\xbe\x9c\xd9\
Wo\xe6\xd4\xa8\xbc\xa2\xee\x5c,dFh\x19:\x8d\
\xca\xabO\xa8\xe8C\xef\xf7v\x94\xc5\xa8Pj\xd6\x9e\
&\xee\x0eT]\x90\xf3\x13\xd3\x97\xc3\xf4\xe5\x83NS\
\x08a\xe8\xbc\x03_\xb6\x136<9q\x00\xb3\xb77\
i\xadA\xea\xdc.e1\xca\xdb\x9bU\xf3:\xd1\x22\
\xa0\xf7y\xde4H\x8c`7l}cu\xa7\xcd/\
\x95J{\x1f:\x00\x0f\x1dh\xdam\x1aB8\xe1$\
\xb6\xfc-\x9a\xb9\x80\xd2b\x9f\x9a\xb8\xe5\x9a\x00\xbb\x90\
\x18y\xde\xf4\xa0\x133\x5c\xa2\xc9\xbd\xcfY\x8b0k\
\x8dZ.d5\xaa\xd5\xbdZWF\x8b\x98\xbd\x9f:\
\xbbi\xbdb!\x84\x93\xa5\x1e4\xcb\xe9\xd2\x93\xc6\x12\
j\xd6\x22\xd7\x96\xea<z\xf4\xacE\xb8s\xd0\x09\x1a\
\x22\x11\xd0\xfb\xec\xb9\x07\xb5\xcf\xa8\x06\xc5\xb9I\xab-\
\xd8F\xc8\xd6\xd2\xf8hk/?4\xe8\x04\x85\x10\x86\
\xd5\xe8\x16\x00\xec=<*\x04\xb2\x9a4u\xad\xdb\xe4\
n<\xb2\xe7\x9e&v\x1a\x9c8\xd1\xe4\xde'_\x05\
R\x1a\xb5\x9b5(\xaeW\xf4\x10\x8b\x1fYj\xcd\xe8\
fT\xedH\x14B\x08\x07\x9b\xda\x8d\xa7vCR~\
\x0cy\xc1\xd5\xcak\x8d\xc9/z\x83\xe2\xa4\xd1|\xd5\
\xa0S3\x5c\xa2\x86\xde\xc7O\x00xDM+\xe8\xa8\
^\xf8\x15\x16_P\x95\xbe\x8b;\xa03\xd04\x85\x10\
\x86Rw\xc0\xec#w\xe91\xa3y\xc9c\x8dio\
\xef2\x85\xc5h\x95g\x87\xae\x08\xe8}\xce\xd8\x84\x0e\
\xecc\x04)5i[\xc1jQ;#\xe9@9?\
\xe8\xd4\x84\x10\x86\xd9\xc33\xbd&\xea\xdd\xc2\x0b\xf5\xda\
\xe84%\xbfs\x95\xd7%\xa0}\xc6\xa6\x86$\xfa$\
\x89\x80\xdegy\x16\x80\x96qR\x83\x16N\x82ze\
8\xb3\xbb}\xda\xa0\x93\x12B\x18f\x9f\xdc\x0e\x80_\
\xf6@\xde\xe3T,\xd6Cp\x06\x9c\xaa\xa3\xa7\xde\x9e\
\xe8\xa9\x18tZ\x86M\x04\xf4>\xe52\x90\x5cT\xcb\
 6\xa7\xc4\x0a\xd5\xe5m\xbcwbw\xf5\xe3\x80\x93\
\x13B\x18V?R}\xd9\xf0\xd9\xc5}3\x9eX\xaa\
6il\xce(`\xdbH\x12\xe4bq\xff\xa0S3\
\x5c\x9a\xd5W|\x12\x18\x92h\xda\xdaI\x06S\xca\xde\
S,C\xb1<\xe8\xf4\x84\x10\x86\x98w\xdeB\xdap\
\xd1\xe9\xb3\x86\xa5\xaa\xbe\xdb\x9ca\xee\x82\xee\xda\x98\x85\
\xcbA\xa7f\xb8D\x0d}\x0dY\xa9\x9e\x9b9\xe8\xa4\
\x1c\x13Ait\xa0\x1e\xf0\xd2\xa8\xe2H\x08\xe1$\x92\
\xf8\xf6\xcf;A\x91\xc7\xa7\x99\xaf\xa3ccj\xe8\xd5\
\xb4yKV\xca\xd1\xe8~\x90\x08\xe8}\xca6\xd0!\
\x09\xa9\x9a\xc6\xd1\x8c\xeb\x1b\xc0PJ\x9a\x1bt:B\
\x08\xc3\xafsv\xf5UK\x1cp=\x11\xac)\xea>\
\x7fY\xa4\xc5\xa9A\xa7f\xb8D@\xefS\x8e \x95\
$\xdb\xd5\xc8\xf1\xe6\xc4s$e\x89\xd9\xaf\xc74\x8e\
\x10\xc2\xd3\x189\xbd\xfe\xe6Q\xediVN\xd7\x9b\x87\
\x8ePJe\xb3\xd2~\xa2E@\xef\xb38O\x1a\xab\
\x07Q6kH\x1c\x18\x97\xc0\xdc\xd7\x9e\xa8\x7f\x0c!\
\x84\xc3\x98\xd8]\xe5\x11Y\xdeC\xb3v\xa2\x02\xe8.\
\x0f\x97Z\x8b1\x0e\xac_\x04\xf4>2\x22Us\xd0\
\xeb\x95\xd7\x9a\xc0\xf5\xe7\xac\xec\xb9\xbeGB\x08\xe1\x90\
\x8a%@\x90\xa5\xbd@\x094\xa67\xba\xd7xji\
a\xa9!\xb9\xf4I\x12\xa5\x9b>\x9bZsI\xe4\xe4\
\xa6]#\x02\xa4\x5c\xaa\x98\xe3&`\xd7\x80\xd3\x13B\
\x18j\xd3W\xe0\xe9\xcb\xc1\xce{\xc0e\xa3j\x01\xbd\
E\xbfrj1\x1f1\xacO\xd4\xd0\xfb,w\x92\x90\
S\xbd=\x1fM\xa9\xa2\xd7J\xcb\xb3\x83ND\x08a\
\xf8=R\xe7\x14\x92\x0e \x954g)\xf7^\xf6,\
\x91FP\x04\xf4>\x11\xd0\xfbT;\xf8\x90\x1a6\xc0\
\xbd\xe6\x9c\x5c\xcc\xb1\x09\x11{\xa1\x87\x10\x8e\xe0\xb6\xfb\
1\x82\x97\x89\x19\x9bf\xcd\xe6VoX\x5c*S\xb3\
\x96\xf4<\xd1\xa2t\xd3\xa7\x93$w\xe7b6g\x9d\
\x85\x9aJ\x94\x97^\xfd\xfd\x88\xb8\xc6C\x08G\xc10\
kz\x01\xbd\x11\x15\x01\xaf~\x93\x145\xf4\x83\xc4\xc1\
\xe83\xb2\xa2$\x93\x1a\x15\xcb]\x7f\xe0,\xdb\x07\xae\
\x8es\x1aBx\x1a\xbf\x0a\xfc\x0a$4#\xd1\xd4\xc9\
_)\x95Q{\xe9\x17M\xee}:\x85E\xb5\xf4+\
\x8d\x99\x86^\xcf\xdf\x10,\x910y\xd0\x09\x0a!\x0c\
\xbd\x91\xfa\xab=\x03\xaar\x8dFdx\xf5\xc6p\x08\
\xe4\xb4\xe2\x95\xa8\xc0\xf4\x89\x83\xd1\xc7\x94\x09\x9cVk\
\xbd\x0d\xd0\xbd\xb8\xd1\x02V\x84\xf3\x10\xc2\xd3\x93\xcc\xcd\
(\xa74\x8b\xdc\xb0\x1a\xba\xbb;\xbe\xa6\x22\xfa\x17\x0f\
\x12\x01\xbdO\xdd\x7f\x9e\xacf-\x85XG\xf5\x05\x88\
\xfay\x08\xe1\xe8\x5c\x09\x09\xf2\x0a4lP\x1c\xaak\
\xe9\xd1\x87\xbeV\x1c\x8c>\x09\xa5j\x91\xe0&U\xd0\
M\xbd[\xc1\x12\xc6S\xe75&\xe9!\x84\x01\xda\xec\
\xaa\xdd\xdah\x05\xa0)S\xd7\x5c7\xa1ZR\x99\x9a\
\xd5\xb6p\xa2\xfd\x7f\x00\x00\x00\xff\xff\xec\xbdy\x80e\
Uy\xee\xfd{\xd6>5\xf6\x04\xcd\xd4\xd0\xca\x8c\xcc\
(4\xcd,4\xe0\x888\xa061\x1a5\x89qH\
\xae\xb9\xb9\x89\xe6&1Q\xaa!\xe8M\xae\xdf\x97\x9b\
/\xf7Fcb\xcc\xd5\x18\x0d\x0d\xc4\x890(\xd0`\
3\x0f\x02B\xd3L2\x8f\x0dMO5\x9f\xbd\x9e\xef\
\x8f\xbd\xf7\xa9\xd3\x0c\xdahW\xd5\xd9]\xeb\xa7\xdd\xd5\
\xd5tU\xad\xb3\xcfZ\xeb]\xef\xbb\xde\xf7y\x93A\
o\xa3\xec\xcaR6\x1e\xaa\x07B\xb88\xae\x8e\x81c\
\xf7\xec\xe9\x1eQ\x22\x91\xa8\x05\x02\x13#\xf6\xf0\xc4\xd5\
]\xe7S\xa4\x0d\x15;_H\x06}3\x92Ao\xa7\
j\xcbW\xb39\x22\x83\xc5h\x95.\x92H$\x12\xbf\
\x10\x83\x08Q\xd2\x10u\xb1\xe6P\xec\xd0*\x02\x0ay\
\xb36\xc3\x9e\x12\x92Ao\xc39\xad\xf4\xf6:\x95\xae\
\x95C\x1e\xab\xd9\xc5\x7f\x22\x91\x98F\xba\xe7`\xe3h\
<\xd8*\x97\xa9\x01\x85\x8e{\xd1E\xabQ\xa3}z\
*H\x06\xbd\x0dgL\xcc\xebz\xccm\xa0l\xf5\x8a\
\xc7js\x09\x96H$\xa6\x9dy\xbb\x83\x1c,k\xc4\
5\xeb/YHo\xa0\xbaT\x17O\x15\xa9\x0e\xbd\x8d\
,GQ\xc8*nh\xeaA\xa9ll\x8d\x02\xbe\xf6\
\xd1\xfa\x1cE\x12\x89\xc4\xf4b9\x02\xa3\xa5S@\x1d\
\xecc\xa1\xcc]\x88\xb9\xd7)\x92:\x15$\x83\xde\x8e\
h]H\xb7>\xefp&Z\x19{\x0c)>\xbeq\
Z\x87\x93H$j\x84m#F\xabB\xdd\x1aly\
-J\xbb^\xa7!O:)\xe4\xde\x86C\x11\xc5Q\
\x9b\x99\xect\xca\xbe\xed\x16\x8c\xc9\xae\xcf\xc0\x13\x89\xc4\
\xb4\xb2\xfc\xaeb\xcb\x0bf\x04\x5c\x1bg\xb7=\x96\x90\
\xd5e\xd0SD2\xe8m8\xd6\xf3\xb4W\xd6\xd9\x8d\
9%\xc5%\x12\x89-E`\x14\x8dF]\x09H\xd7\
\x81j\x98FyM\xf7\xec\xc9\x22\x19\xf46\x146?\
\xfd\xd5\x01O|\x1c-$q\x12\x89Db\x8b10\
\xaa\xd6\x1f;\x9fj\x7f6(E\xdc7'\x19\xf46\
JsX\xb3\x19R\x16qX\xa3\xcee\xde^\x93U\
\x99H$\xa6\x1d\x09K\x8c\xd4H\x1csb\xa4JZ\
\xd7/$\x19\xf46\xc6#r\x91<Y\xaf\xd9-,\
\xc5\xd1,kF\x16M\xf7x\x12\x89D-\xf8#\xac\
\xe0\x88<B\x9d\xb6<\xd1r\xd1Cr\xd17#\x19\
\xf4v2\xb5\xb7#\xad\x05e\xd1\x1a\x82\xb1\xcc\xa9\x0e\
=\x91Hl!s\xc01\x98\xa8\xd1\xe2/\xea\xb1\xeb\
\xc9\xe5\x9e'\xe4d\xc16#=\x8ev\x0aA\x19\xb5\
N\x80\xf5\xc1F\xa39\x8dd\xd0\x13\x89\xc4\x16c5\
\xa3\x15K\x0f\xbd\x1e\xdb\x87'\xfc\xae\x1a\xd5#M\x0d\
\xc9\xa0\xb7\x11T\x18s\xd7J)\x8eJ\x04g\xd4\x8a\
5\x1by\x22\x91\x98Nr5l\xc2(\x85S0\xdd\
\xc3\xd9\x22\xaa\xe6,\x85\xaa{\xac\xc7\xa0\xa7\x88d\xd0\
\xdbq\x99\x18W#\x0f\xdd\x13Iqc\x8a.\xc4\x10\
\x13\x89D\xe2\x17\xe3\x98\xab\xccr\xaf\x8f\x96;@\xd1\
\xf8\xb56\xdb\xf4\x94\x91\x94\xe2\xda(\x95\x15Z\xfd\xd0\
\xeb`\x1b\x8bs*\x96\xc3X\xe6\xde\x1a\xad\xc8\xc4V\
\xc5m\xfd/\xab\xf2E\x9b=W\x10v\xb9jl\x1e\
\xe4\x07f\xd2\xabd\x0f7i\xde9\x9f\x0d\x8f\x1d\xcd\
\xc2\xe6\xc0@{\xa9c[\xfapb\xdbG\x22\xfe\xf9\
`t\x97F\x1c\x88\xb5\xd1Quk\xdf\x93\xeb\xa3\xd1\
=%$\x83\xbe\x19u\xb4\x87\x85T\xad\xd4lvw\
\x0f\xd6\xf1\x05$^)\x03f\xb7\xd9p\xfc\xee\xb0|\
\x15\xe2}\xb0h\x19te#\x8d\x10\xdc\x1b\xce\x1e\xde\
>'\xee\x1d\xce\x19^bx\x13\x81\xd7b\xf7\x03 \
\xc8\x94\xe5\xeb=\xff\x91\xcb4t\xd5q\xcb\x86.V\
\xc8W+\xcf\x9e\x8c\xd9\xf0Fe\x8d\xf1\xfb\xdf\xe3\xf8\
\xf4\xb7Q\xcf\x1f\xe0\x93\xbe\x8a\xe7\xbd\x1a\x96\x9f\x99\xf6\
\xcdm\x91y\xb1\xe91\xba\xc6#\xf59\xc6\xb5\x9c-\
C\x96v\xbc\xcdH\x06\xbd\x1d\xc7B\x1bX\xf5R6\
\x96\xb0\xacf\xdfhL\xd3{[\xe6,\xf3\xda\x05\xe8\
\xf6\xa7\x8bO\x87\xd7\xc2Q\x1a\xedi\x9c\x17\xe7\x13\xb4\
/\xd1\x07+\xfa@\xe3c$\x1d\x06t\x8bR?\xb0\
\xdc\x01\x0d\xc8\xca\xc0{a\xed\x89\xfca\xc7\xb0\x16\xf9\
\x1a\xac\x1b\x9d7\x7f\xba\xef\xbf\xe7w\xef\xe5|M\xef\
\xff\x9a\xb5\x919E\xee\xd1\xa2\x8f\x99\xdbw\x81\xe69\
I\xbch[b\xb8g\x14\x85l\x1c\x07\xea\x22\xa9U\
\xed\xcd\xa9\xd3\xda\x8bI\x06\xbd\x0d\xb5~\xa3.s\xbb\
\xc0\x10Q\xb3\xc7;\xa6\xcdv[\xc3f\x9f\xcb\xd0\xab\
\xafC\x8f\x95\xb3r'E\xef14\xb6p\xed`\xdc\
\xbb\x81\x0e\xc7>Vp\x08\xb07\xa2\x1b\x08\xb2\xab\xbc\
\xa1b&\x97\x11y\xb5jx\x8b\x8b%[\x16\x9eo\
8\x1d\xfb\xad\x82\xa7\xb0W\x07\x85\xd5c\x1a\xber|\
S\x5c=\xb4\x9aG`\xd60\xe0%\x03\x0e#\xf3\xe0\
\xfa\xffF\xac\xc5\x9dT\xe2\xe7\xd2\x83<\x86\x9aU.\
p=\xde\xd1\xcd\xdc\xadz\x0cy\x8aH\x06\xbd\x8dP\
\xe6Y\x14u\xdd\xb5\x98'\xc5\xae]8_\xf9\xf2\x01\
\xc4\xb2Z\xde\x1b$^\x8a\x01k\xd1W\xc8\xd6\xedI\
\x13`\xe7\xae\xc1\x1d\xfd\xac^\xbbo\xe0\xb5\x8a:\x0e\
\xe9\x10\xd9;\x22fc\x87\x96xq\xb1\xdb\x15\x09\xaf\
/7\x8dK\x07G\xc5\xeeh$\xc9\xce\x0c\x0b\x91v\
\x15>\xc9\xe6]\xa0G\x0d\xd7\xf7.\x1c\xbavQ\xc8\
o$\x9f\xf3\xd8\x86\xfb\xe1\xa0\xffIx\xee\x7f\x9a\xa7\
\x07\x89\x0c\xd4b\xad$^\x82\x9b\xbf\xb4#\xaf\xfd/\
\xc3M\xa8\xcd\x9eWP:\xe9u\xb9\xf6\x9f*\x92A\
o#\x8fEdRj\x89\xb5t:\x13\xa9\xa9\x02v\
\x9c\xd6\xb1$\xb6\x12K\xcf\xb3\x80\xb0v\x988\xb4f\
$_pc\xbe\xef\xb8x\xb7r\x9d*\xebH`\x16\
r\x03\xab8\xd0\xd9AR\xb0\xed\x09;\xfd\x0a\x90\x0a\
_\xbb\xf8hp\x86\x15$\x16\xd8\xdeU\xd6b\xf0'\
2gw\x8c1t\xf5\xfc]\xc2\x7f4\xb3\xde\x9b\x9f\
\x8b4\x97@c\xa7\xf3\x1c\x97\x9f\xa9\xa4\xc2YC6\
\xdd\x05\xfe?U\x15X[\x95OG31H\xc5\x14\
&j'\x19\xf46B\x06\xb8\xf2\xd0k@\xa9\xaa \
\x13-\x9bg\xa9\xc9\xc0\x13/\x89\xcd\xde?\x1c\x0f\x8f\
\xdf0\xd4CdN\x90\x16\x0b~\xc3\x84c\x90_%\
\xab\x81\x1c\x0d9\x96$\x87v\x15\xa4\xca.\xff\x8a\xa8\
\xaa\x092\xea\x12D\xcb\x11\xd4+8\x06q\x94\xf1\x87\
\xc3\xe0\xf0m\xfbF.\x1c\x13\xff\xf9\xd8=\xac?\xe2\
\xef\x86\x07o\xfddo\x0a\xc3\xd7\x8d\x1d\xa8\xda/W\
\x098\xb50\xe9\x89\x97&\x19\xf4\x9a\xa3\xa2\x86#\x0f\
$\x0f\xa9VTM\x03J\x8e\x1ex\xae\xd18gx\
7`\x7f\xc3\x09\xc0i\x86}\xb1\xb7+\x83\xe8\xb6\x1c\
e\x09\xb9K\xc5\x1b?\x89\x1bo\xebt\x10\x84\x02\xd8\
6Q\xc26;\x03oB\xbc\x1e\xf4\xc72?\xea{\
>^v\xc2\xd9\x83w{\xd9\xc8C]\xee\x19YQ\
\x85\xe1+5\xe2d\xe8;\x16\x15oR\xa9\xd0\x92\xde\
\xa7:\x93\x0cz;e\xf5nm\xf6\x9e\x89q\xc6\xda\
\xe86\xcedl\xf8G\xc4\x13\xc5{\xb5h\xc0jh\
t\xbb\x06>\x0c\xe2\x896\x8b\x85\x17I\xec\x8c\xc8\x8a\
\xbc6\xd92\xb24q\xe9\xbdY\xfa\xe6\xe4\xd2Z\x0c\
\x92\x84l\xbb*\x19\x02\xfa$\xef\x83\xd9\x1bXj\xe9\
N\x1c\xafi\x86\xa1\x15\xc7\x0c\x8c\xdc\xbc\x81\x9e\xf5\xab\
\xaa\x86X\x03\x16g\x91\x84\x8f:\x11+\x82\xf3*8\
\xd3\xf1Ts\xc8\x13\xe7\xc5DA2\xe8/f\x22\xe4\
^\x87\xc9]\x0c2\x07'\x0f\xbdC\x99\xb7\xcez\xfd\
\x8f\xd1\x0fJO\xfb \xd3\x98\xb7ld\x81\xe4%\xc0\
\xbb\x8c\x0f\x05\xed\x01\xee)b\xdd\x9b\x95\xe5\xb8\xac\xa3\
\xec\x08Za}Qe\xc9\x17\x9f\xc1\x0e\x82\x93\x8c\x8f\
\xb1\xf5\xbe,\xc4\xfb\xb6\xf3\xd0wN8\x9b\xcb\x9bs\
\xc3\xc3\xd7\xf7\xf7\x8e\x1fv\x07\x9a\xff5k\xc5\xc3\x98\
\x81T\xfe\xd61\x14W*\xf9t\x0fc\x8b\xa9\xf2\xf1\
kr\xfe\x98J\x92Ao\xa7f\xea\x87\xa5\xa6\x0c\xc2\
9\xa95p\xe71`\xbdn\x01\xd9\x83\xd0\x04|\xcc\
\xe7\x87g\x85\xdc\x07+p\x9a\xa5\xdf\xc0^ \xe8-\
\xd30e\x8a\xff\xbf >\xdd\xa9{V\x15+\xb0\x85\
d\xbb\xb8\xfdQ7\xf2\x9e\x98=%\x9dh\xfb\xd9l\
c\xfc\xee\xb1a\xf8[\xd9\x7f\x8e\xdd\xc9\x82y\x1b\xce\
\xb8\x9b\xb0\xf1\xbf;\xdc\xfc{\xc4u{&\xc3>\xfd\
(\x02y\x19\x11\xea\xdc\x19\x97\xf8\x85$\x83^c<\
Qs\x14I\x06}\xfa\xb1Y\xb2\x0c(\xb6\xc4\xcca\
\x88\xf1g\xe89\xf0o\xc3\x82\xe7\xe5%\xc1\x9c.\xf1\
&K\xdb\xa90\x83ML\xa0(\x10w-}\x8e\xb2\
\xb4\xbd\xbar76V\x10\xd8\xa6\x1b\xb4P\xf6'\x95\
\xf3\xc9\x18\xbb\xbf3\xfe\xc8\xd0\x0f\x9e9\xd8?\xb6\xf4\
\xd8\x0ewv\x8f\xec\xf9egw\xaf!\x7f\xf5\x5c|\
\xff\xf3\x90J\xe0\xa6\x1e\xdb\x11\xc8\xeb%\xa7U\x92M\
\xf7\x00:\x8bd\xd0k\xcc\xc4\xf2s\x8e\x93A\x9f6\
l\xdez1\xbaf\x03\x00\xa1\x19F\xbal\xef&8\
\x1885#.\x06\x0e\x95\x98E!\xe4\x12\x8b$u\
7@U\x93\xabZ\xed\xa3/G\xfb\xf5\x80 ++\
1\xf2R^\xfe\x1d\xa07a\xfd\x14\xfc\xe3]o\x1e\
\xbf\x08\x8d>\xb2\xb8\xab\xf1\xc4S\xf4\x8c\x1d\xb5\x1b\xbe\
\xf3\x5c3\xf4\xe7\xc9k\x9fJ$\xe5@N\xe5\xa1w\
<-\xed\x0d\xdc\x9c\xee\xb1t\x16\xc9\xa0\xd7\x19\x17\xbf\
\x09R\xc8}\xbahk\x8a\xf2\xda/\xad\xef\x19Q\xef\
\xa2\xe0x\x94\xa4\x93#:\x0c{!\x10\xcan\xd3\x96\
\x1cZ\xee\xac\xea\x93\xa9\xf1KP\x1dS\x04*\x0aB\
\xed\x08\xee5,\xc6:\xdc\x81\xf7`\xddM3\xff\xe1\
.\xeb\x87\xaf\x0d\x83\xfa)\xf4\x8e\xa4\xcc\xf8)'R\
\xec!5\xa1f-1\xa7\x90d\xd0kM1\xa1\x8d\
s)\x19\xf4\xe9\xe2\xb8s\xc7fo\xcc\x9b\xa7X]\
\xa7\x07\xe21\x12\xaf\xb6\x99E!\x90MyG^\xa5\
\xf1\xcc\xd4]HH\x19\xb6\xcb\x87\xd1\xc0\xde\xddh\x0f\
\xec\xe3\x04?\xcb\xc7}\xfd\x11\x1a\xfa\xcf\x05g\xf7_\
z\xfe\xe7H\xbe\xd7TQD\xf7\xf2\xda\x85\xdb\x13/\
\x22\x19\xf4\x9a\xe3\xa2\x9bL\xee\xe4\xa1O.\x95'\xae\
\x89p\xf0\xe2\xb3\xc6\xe76\x96\x0d-U\xd0oE8\
\x084G8+\xf5\xd1\xab\x7f_|L[eAK\
\x8c\xceeI\xbd\x8d\x98kx\x1d\xf8P\x9b_\x7fR\
\xc3\xab\x8e;\x9b\xaf5\xcf\x19>\xff\xc6\xcf\xf6\xad\x07\
^\xf2\xf9'\xb6\x0e\x85p\x10y5k\xd3L\xad/\
\xc9\xa0\xb7\x933\x11\xc9\xa9\xc1\xb6Q\x1a\xf3jA&\
\x83\xbe5\xb1Y\xb2\x02vZ\x03\xcb\xef\x22\x1c\xf5\x85\
\x8d1\xe4\x8d\x8ce#\xb3\xb3\xcc{\x10\xe3\xbb\xcd\xd8\
G\xb0\x16\xba\x14\x89\x91\x1d=\x91\xdf\x96\xf6\xc5\x97E\
U2\xb5KY\x93P\x88\x9b\xa8a\xb1=\xf8x\xd0\
\xb1]1~\xea\xf8\xb3\x87\xbfj\xf4]\x9d=\xf4\xc4\
X\x08#7\x0d\x18\xde\x00K~\x84W@J\xa2\xdb\
\x0a\x04\x88v\xe5\xa1\xd7\xc1\xa4W\x1bt\xa7\x8fs\xea\
I\x06\xbd\x9d\xd0\x8aa\xd7\x82\xd6\xb4v\xbaC\xdf\x9a\
\xcc>\xcb\xda\xff+\xc0k`\xcdNp\x9c6\xf5+\
\xcfv\x89\xe6h)\x9eF\xe4\xad\xa0\xedU\xe8\xbe\x14\
\x15g6\x96\x82\x5c\xbe#\x89-a\xc2\xb0\xbb\xe8\xa0\
\xa0\xb2\xf8\x0d\x110\x07\x82\xff\xa7\xf0\xef\x03\x174\xcc\
\xd5\xc7j\xe4'\xba\xbc\xf9\xcc\xbc\x07z\xc7\xba\xf6i\
x\xc9_\x9b\xed\xf6\xc4\xa9_\xfb/O,\x14\xd1\xf3\
z\x18\xf3\x12OH4$&H\x06\xbd\x8d\xcd\x04e\
j\xb2%\x172\xcc\xca\xa9\xcd\x88;\x97\xa5\xe7Y\x0f\
\xad@w\x0bo\xf7\x1cad\xe5\xf0|;\x1e\xa0\x90\
\xbd\xd9\xf6\x91\xb2\x17\x81\xe6\x17\xf3\xc3\xb8\xe8C\xaf\xcd\
\xf5\xdb\xb6\xe9D\xb7\xc9b\xb3\x87\x07\xd5\xe3\xa5\x0a\xb5\
\xef\x0e\xfcA\xb0\x7f\x1dq\x03\xd6Uk\xf6\x1b\xbf\xea\
\xc80~\x1f\xf4\x0dmz\x0a-\x190@\x5c\x91<\
\xf6W\x8c\x0aQ\xaa\xdcU\xb2G\xc7S\xd5\xcb\xa7\xf7\
\xfa\x85$\x83^k\xaa\xce\x97\xc4\xa4\x14\xf7\xcb\xb3\xf4\
<k\xd3\x93h\xd3S\x85\x92\xdb\xa1\xf9\xd0\x82\x91\xa6\
\x96\x18\xde$\xeb(\xc3^\x92\xba\x0ca\xa2\x22\xeb\x97\
\xeak\x96\xd8B\xaa\xa0|!5[\xca\xd7\xc0.\x98\
\xd3Q8\x11\xfb\xc3\x8a\xfch\xd3\xc8\xd0e\x8ct\xdd\
\xdcC\xd7\xba\x1d\xf7',\x19\xb0V\x0c\xd4H\xf5\xac\
\x030DL\xaeV\x9b\xc9N\x9f\xd4\x13\xe3\xab\xc1\xe9\
cJI\x06\xbd\xc6\xb4\xee\xd0\x93R\xdc/\xcd\xfb\xbe\
\xe5l\xdf{\x88\xb7\xcc%\xae_7\xbco\xf7.\xbc\
\xb7\xa8\x95\xe6H\xe1\xde\x22\xad\xcd\xc1\xde\xac\x99Y2\
\xe4S\xc4\xc4Co]0e\xd8s%\x1db\xfb@\
\xa1\xf7\xa3\xf1k\xc6\xc2\xf8w\x9e\xbc\x9f\x0b\xe7\xac\xeb\
\x1f]\xfa\xfb\xcex=q\xf9\x99\xe9\xeacK\x08(\
ZmJq5\xa0u\xdf\x1f\xea1\xde\xa9\x22\x19\xf4\
\x1a\xd3\x96\x1a\x92\x92\xe2^)\xb6\x16}q\xa3\x1e\xbe\
g\xa4\xff!\xc7}\xb2u|\x04\xf4f\xe3}\x0a+\
\xe2\x88\x05v\xb0ZWui\xf7\x98.\xda4Im\
\x1a\x9a\xf0\xdcw\xb1Y*t\x1a\xf0\xbb\x1b\xb7\x1f\xf9\
\xc6\xban\x9f\x1f\xeeap\xb7\x95\x1e{\xe2\xf8\xd4\x10\
\xe6\x17\xe1HD\xe4u\xb9jt\xa5+cA3\xad\
\xc9v\x92A\xdfFH{\xd6\xcf\xa3\xda\xa5\x8a\x87t\
\xf49#\xdd\xd9\xd9C\x0b\x1d\xb2C%\xff\x86\xc4\x09\
\xc0N\x92\xb3\x22\xc1\x8d\x08\x145\xe4[\xa9\xc9xb\
\xeb1\xf1\x8e\xb8Q\x88\xdf;G\xf4\xdb>\x1e|d\
\x18\xe7\x13\xa0\x0b\xf7\xbcb\xe8\x8a\xbd\x7f\xe4\xd5+a\
m\xeb\x8b\x93h\xcd\x8bpUG\x98lc\xedI\x06\
}\x1b\xc0 ;\xad\xc6\x171Pn\xde\x03\xc5\x87S\
\xfez\xacgtt\xfc\x00\xc7x*\xe8\x8d2\xc7\x0a\
\xcf-\xfekY8Ud\xce\x862S==\xd3\xce\
E-\xa1Y\x17Jt*RJz\xb0^gq\x88\
\xcc\x87b\xd0\x15\xc7/\x1b\xbc,(\x5c3{\xbb\xde\
5\x17\xb7\xb7sM\x1d\xdf\x80V\xf9\xa0\xebR\xb6V\
\x8d\x14Qj0&*\x92A\xdf\x06\xa8I\xa4l\xea\
\xb0\xb5t9Z\xbe\xaa\xd8\xbc_\x7f\xee\xd0\x9c\xd8\xd4\
!\xa3#|\xc0\xe8X\xe1\xfd\x10s\x5cf\x14V\xe5\
\x0d/h\x8e\xd2\xd9\xbbZb\x82\xd6u\x88\xaaB&\
\x0b7\x90\xf6\x03\xf6\x01\x9f\x1e\xf1m\x1b\xd7\x0d\xfd\xc7\
q\x7f\xc9ey\xf0\xe370\xcbK\x97Z\xcf\xed\x07\
W\x9c;\xb3\xc3\xf2n\xcbR\xa8\xd7\xb4\xf7\xc4\xe0\x13\
@2\xe8\x9bQ7\x9f\xac\xd5\x9a\xa5\xfad\xa63`\
\x1d\xba3\xd9\xc8\x7f\xd2|rW|\xec\x03Cs\xc3\
\xb8O\x88M}\xc4\xe2\x04\xd9\xdb\x0b\x1a\xe5\xf3r+\
\x07!\x95\x9am+ln\x96\xddJ\xd9\xde\x0d{\x81\
\xa5\x131?\xcbr}\xed\xf8\xb0\xe9\x22\x98}?\xc0\
I\xe7\x10\xee\xbb\xc9~b\xf1\xcc\xf4\xd8\x8b\xe4\xdaR\
\xe4\x87\xce_\x08\xae\xfa\xff\x98RQ9Q\x91\x0cz\
\x1b\x9b\xeb{\xd5ajO\x98\xa4\xda\xa4\xa7nm\x06\
\xcc\xab\xe7\x16\xc1\xb7\x05Y\x93\xc6\x9a\xb1l\xbbg\x1a\
;Y\xcd7\x0b~\x0d\xc2\x12\x8b^\xd9M\xa4`J\
\xf1\xd0\xcd\xbc\x92\xc46F{\xbc\xc5\xa5\x0ao\xc0\xee\
\x17\x1c\x8a\xf4\xbfp\xf8\xd3'\x0e\x1d\xfe\xc7 }/\
\x98\xbbw\xbd<\x0c/\xf8\x8a\xb3\xbb~\x8d|\x8f\xaf\
\xe3{\x9fc\xc6\xa8\xd0e\x14}\xd6\xea\xb0\xe3mN\
\xbdF;\x15$\x83\xfeR\xd4\xe4\x9c^\x98\xf3\xb2\x8b\
qM\xc6\xbc\xd5\x180G\x83n\x06\x164b\xa3{\
\xfd\xe8\x5c\xcc\xfeFo\xca\xd5<E\xe8X\x89\x0c\x1c\
e\xa2\xa5\x89\xcc\xe8\xb4\x0f\xcc$\xaa\x12\x05c\x02\x12\
.\x0ew\xbb\x08\x7f&\xda\x1f\xc8\xd1e]\xe3\xf1|\
==|\xdf\xa2\xaf\xe4O>\xdb;;\xbe\xc6\xc4\xc1\
\x1b\xec\xc7\x8f\xde\xf6'Kl\x1d|\xeag\xd2\x13\x9b\
\x93\x0cz;\x95LR\xcd\x22\xb0F3G\x02\xb1\xca\
R\xfe\x06\xe2\x01tT\xd7\xf0\xae\xe1y\x1f\x8d\xb4\x04\
\xb3\x04\xbc\x9f\xa0\xbb\xbc_\x8b\xa0\x80\xac\xa2\x09\xc8L\
yH\x89\x97`\xa2\xf6Pj\x14\xe1x@\xec\x89\xfd\
\xd1\x00o\x06~\xaa\xe1\xf0\xbd\x9d\x87\x07o\x0a\x19\xf7\
>\xc0\xacQ\x06\xcc\xb6\x9e<W\xba\x03V-\xbd\xf4\
D;\xc9\xa0\xbf\x80R\xd5s\xe2\x93\x0efBX\xa6\
\x5c\x8d3\x88c\x7f\xb6i\x8f\x10\xc2\xdb\x89:\xd5\xe2\
\x08\xf0N\x12\xddE\xc7(W\xf9\xcfb\x22\xf6:\xa3\
\x9eO\xe2\x17 \xc9v\x90\x8b\xcaD\x9b\xdd\x85\xf7D\
:\xcefu\x14\x97\xef}\xc9\xd0\x05\x8f\xd3\x7f\xe7t\
\x0fu\xb2\x09\xe5~g\xa5.\x04u'\x19\xf46\x02\
\xf5\xb89\xaf\x10\x13\xc6k\xa6,\xc4\x13\x97\x8d\xed\x12\
\xd5\xfc\xa8\x15\xce\x04\xf6\xc4\xee/6\xe42\x97`\x22\
a\xb9.ocb\x9ah\x93\x18\xb0p(R\xc3<\
\x1f8\x1eX\x14\xc5\x87N`\xe8J\x066\xfe\xbf+\
\x07\xe6\xdc\xd5\xfaB{\x9bj\xe3\xea\xf2\xf7\xfay\xe8\
\xf5\x1a\xedT\x90\x0cz\x1be\x05S\xcdfH\x95\xdd\
\xb5\x8d\x08\xc5\x9dUv\xc8\xf9\x1c\xea\xdf\x05\x0e\xff\xaf\
c\x1a\x8b\xb1\xb7\xdb\xec\xe1\x10?\xd8$\xff]\x99\xed\
\x5c\xdd\x8b\x96\x81\x8ars\xae\x83\x10u\xa2\xf3(\x03\
:\xd8V(\x13\xe9z\x11{Ey/\x11\xdew\xec\
\xd9\x83\x17\x10\xc3\xff\x16\xac\x1a?wx\xe8\xa6\x81\xe2\
\x04\xb9\xf4 |\xf3\x91\xf0\xe0\xde\xf5\x9dvRp\xd1\
.\xb0&\x06\xb2*\xeb\x999~\xcc\x16\x93\x0cz\x9d\
iI \x22\xd5\xee \xb29K\x06\xccz\xd0O\xca\
\xcf\x8f;{\xa8\x9bOj'[\x87w\xe1\xd3\x11g\
\x80vT\xe9\x1diB\xf1+\x14J\x135K|H\
t\x22E\xf0\xbd8\x14ZEg\x18\x0c\xfd\xc1|\xd0\
\x8ao\x03.jX\xdf=>\x0c\xdd\x9c5\xf5Ls\
M\xdf(\xe0E\xff`n\xf9X=\xeb\xd9\xedX\xec\
#\x95&C-\x96Q\x9b\xf0u\xa2E2\xe85\xa7\
\x0a4\xd7yZ/\xfa\x07\x87\xedz`\xfdCpt\
\x18\x9c\xd5 \xec\x09z\xbd\xcd)\xd8\xc7\x82\x17P\x95\
\x9bQ\xf4\x1e\xdf<\xc1\xad\x86\xbbh\xa2Ci\x9bK\
\xaa\x82\xd0\x94mK\xb4\xbd\xf1\x07d\xdee\xb8*\x06\
\xafX\xb3f\xe8\xca]\xbe\xd1X=\xbe\xa0{\xf4U\
\xd7\x11g\xff\x9d\xb5\xfa9b\xddJ\xde\xea)\xd1R\
\xbf\x11O6\xc9\xa0\xb7Q\xf5\x5c\xac\xd34\xa9\xe2\xcc\
\xae\xd7\xb0\xc1\xe6\xd0o\x11\x9ez\xac8\x94<\xfb\xf8\
hO\x9f|4\x847\xda^\x02\xec/1\x0f\x13x\
Qb[\xbd^j\xa2\x96L\xcc\xb5\xea\xc0\xdc\xca\xb6\
d6\xd6[\xa38A\xf0\xbeL\xf9%\xd9S#W\
\xec\xb6v\xfc\x86\x0d\xb3\xe7\x0c\xef\x0f\xd93\x03\xf6\xf3\
\x03\xf5\xb8\x07k%\x12P\xb7\x95U\xbf\x11O6a\
\xba\x07\xd0Q\x94\xf5\x98u\xb9\x97\xb1\xdd\x9a\xd2u\xf2\
Qw\xbf\xda:\xf1\x1c\x02\x10\xdf;\x02}O\x0d\xbe\
\xcdy\xfc\xdf\xc2\xff,\xfb\x0f%-\x964\x0f\x93Y\
\x12\x9a\xc1\xc29\x89\xce\xa1\x9a\x836\x16Ax\x0e\xf2\
\xe1\xd8\x7fd\xe2\xb7\x1b\xe3\x8d\xffo\x87\xe7GN\xdb\
9\x1b\xed\x07\xe2\x92\x01ge\x1f\xf7\x8e\xc6\xc5\x9e\xd7\
RNL\xd4\x97d\xd0\xdbp\xb3\xbc\x8f\x9e\x90\x97\xea\
h\xdac\xce\xb5\x09\x98\x0d8\xbcj\xc5p\xc8\xb5i\
\xde\x9c\x07\x86\x96\xde\xce\xd0E\xa0o\x1b\xff6\xf2\x1e\
\x16]\xb6\x1b@\xa3%\xf1\x98Ht\x08E\xf6\x5c%\
\x16\xac\x80\x09F\xdd\x92v\x94\xfd\x11\xdb\xdf\x8c\x8e\xff\
zp6\xf2\x96\xf10\xdc\xbbx`$0\xd0\xd9\x8b\
S\xa5~j\xf2w\xebO\x0a\xb9\xb7\xa3\x893j\x1d\
L\x89\x11\xb2q\xa7\xba\xe7\xde<\xe9\xfc\xd8\xbf\x1c\x9a\
\xad8\xbc7\xf6\xd18|\x10q8\xd6\xac\xa2\xfe\xd5\
MPV6\xd5\xa8\xf4}:\xf4\x85%\x12U/\x13\
Y\xd0(\x82e\xca\x85\xe7\xda\xbc\x03s\x22pGw\
\xf0\xd7\x8eg\xe8\x9a\xf8\xd9M\x8f\x5cw\xce\xac\xd1\xcd\
b\x80\x9d\xb2n%\xd7\xc2\x83)iKrH\x1b\xc4\
\x0bH\x06\xbd\x9dPi&M\xf7@\xb6\x8cVO\x11\
W\x02*\x1d\x80\x0d\xff\x82x\xb88\xf0\x1f=\xf0\x1c\
A=\xf3Q82D\x9f\x0cz\x9b\xd1\xbe\xe0^Y\
e\xd9\x99\x01emUg\x9d\xf1Z\x12\x89_L9\
a\x0dRf\xcb\x85\xe0\xa4\xe7\x01\xafG:\xc2\xe6V\
5\xc2\x7f\x1e\xbfl\xe8\xca\xa6}\xdb\x0d0\x06\x14-\
\x5c\xdf\x0b\x1c<\x8d\xd9\xf1\x92}\xf6P\x11\xe3{\xc1\
\x01\xbc\x93i\x89\xe0\xd4c\xb8SF2\xe8\xedT)\
,u\xb9Lj%\xe0*L\xbb7;`\x16\xccB\
G\xfe\x00~\x00\xf0Qt\xdc\xb9#;H\xbd\xa7\x18\
\x9d\x01,\xb6\xb5\x07\xb8\xa1\x89>Ijow6\xdd\
/!\x91\xf8\xa5iE\xe1K\xb5\xa7\x89\x9a\xd2YB\
'\x22\x8e\xc4\xfa\xf5F\x18\xba\xe5\x84s\xc2\xbfG\xeb\
\x86\xe7\x9e\xed\xd9x\x0f\xc4\xa5\xcb\x09\xcb\x07\xeci\x91\
\x98\xb5\xa5s\x86\xc0\xc8\x12\xf51\xea\xc9\x9a\xbf\x14\xc9\
\xa0\xb7\xd36G*Y\xd5\xce\xa6\x18\xb0\xec\x06\x22\x9b\
\xaeQ,=\xcfa\xcd*\xb4\x1a\xf2u\xab\x9f\xeb:\
v\xa4o\xf7\xf0Oz#\xf2\xef\x19\x16J\xcc\xb5\xc9\
J\xeb]i\xbaUzn\x9d\xfe\x90\x13\x89W\x86*\
\x97\xa0,\xaf\xb4\x8d\xd5g|\xa8\xacC\x22\xf1t\x89\
[v\xdci\xe4\xab\xdb}w\xfc\xea\xb1=\xfa\x9f}\
\xad34\xe0\xec6\x88\xd3`\xd8\x03\x22\xd4\xc2\x89i\
\x91\xb6\x8d\x97\x22\x19\xf4vjw\xe8kI56\xe4\
\xa93\xe8K\x06L\xd6\x03\xf3\xf7A\x1b\x1e%<\xbd\
j\x84f\xc8\x1b{\x8d\x84\xc3\xa2\xfb\xdf\x19\xec\x0fY\
\xec\x85e\x89\x88\x1d\x0a\x07\xa6rb\x12\x89m\x9e\x89\
\xa0Y\xa5bh\x05\x17\xcaH\xf3\x0do\x06\xbf5\xcb\
\x1b?~\xf6gc\xff<O\x5c\x19\xe5'\x16\xef\xd0\
\xa3\x9d\xbei\x8f=B\xbe\xfd>\xb0\xfc\xcc)X-\
&\x80\xb2$\xe4^\x7f\x92Ao\xa7\x86\x96\xa6\xbc\xbb\
kx\x8a*\x16\x96\x9ce\xdd\xf4\xf7\xf8\x98?${\
\xfa\xfe\xb1\xae|<\xee,\xe5\x87\xcb:\x0d8\x05{\
\x1fC,\x92\xdc\xc8le\xa9\xc9Y\x22\xd1R\xa1\xc3\
vC\xc5\x05_\x13\xebx\xe3\x13\xf2\xa0\x1b\x81\xefu\
\xaf\x1d\xb9\xfc\xf9\xe7u\x7fw\xde\xb7\x0e\xe4\xa5\xe7\xd9\
\x80'\xd5\xb0\x17\x11\x85\xd0j5Y\x9b\xe5Z;\x0f\
l\xd2I\x06\xbd\x9d\x9a\xcd\x8fj\xb8\x86\x06\x93\xed\xa1\
\x0f\xb4N\xef:\xf4\x03n\x8c\x8c\x8d\x1ej|\x8c\xe0\
\x8d\x96\x8e\xc4\xecV\xdc\x1c*Rl\x11\xa1\xb8\xde\x9f\
\xd4Q%\x125\xa2\xbag\x97)\x0c\xa8\x90-\x13m\
/F\x1c\x0a:S\xd6\x8f\xc7\xc2\xc8eO\xdc\xe3\xdb\
v\xdb\xbf\xff\xf1\xfb\xd7R\xf58\xf0d(\xd0\xd9\x0a\
\x88\xa0\x223\xaeF\xb7`u\x19\xe7\xd4\x91\x0cz\x8d\
Q\xab\xc4\x8e\x86\xe5I\x0f\xb9\x9f\xdc5\xd8?\x9e\xfb\
\xf5a\xfb\xf0\x06\xd0\x09\x82\xfd\x0cs1Y\xab\xc3Y\
\xa9\x91Y|\x96\x16\x5c\x22\xf1\x12\xb4\xe5\x8fH\xc6V\
\xf1\xa1\x17q\x08\xf6\xfe\xc0;\x0c7?\xb1z\xf8\xb2\
Yp\xc9k\xe9{\xf4\xf6IJ\xd5\x15\x16&+\xce\
\x17\xd4\xc2N\xca\xadL\xf7\x1a\x8cv\xeaH\x06\xfde\
\xe9\xfcyR\xa5\x89{k'\xc5\xbd\xa0N\xf6\x98\x81\
\xc1\xfe\xc0\xd0ic\xb9>\x8cu\x04\xb0\x83\xa1\x0b(\
Sz\x8bB\xd6vq\xd6D\x22\xb1e\xb4\xda\xb8\x96\
\xdd\x7f-\xbae\x16b/4>\x05\xf8\xd8\xec0|\
\xc1\x09]\xe3_Z\x09\xcf\xb7\xbe\xd0\xa5\xb8\xdb\xafx\
pv `\x82\x5c\x9f e9\xce:\x0cuJI\
\x06\xbd\x9d\xcd\xa6G\xe7O\xed\xa29\x92\x90\xe81t\
\x85\xae\x89\xca\xbbW\xc4\x80y\xdb~p\xd1\xfbQc\
\x14\x8e\xfe\x8bQ\xe8\x89\x99\xbf0:\xdb\xcd\xe6\xa9\x8a\
\xfa\x13\xe0H\x97?L\x10\x8b\xcdD\xed\xe9\xea\x9d\xfd\
\xb0\x12\x89\xce\xa6\x15\xe3\x12\x84\xcak\x17\x9eg8B\
pDlv}\xe6\xb8\xb3\x07\xbf$\xfb\xcb\x8d\xde\xec\
\xd1\xe6\xb9\x1b\xc7\x95EV\x0e8,=\x88\xf8\xe4\xae\
\xb0\xf2\x04^\xf1R,\x12j\xd5U\x8f\xca\x9e\x826\
\x0d\xb0D\x1b\xc9\xa0\xb7\x13\xa4\x09%\xf7ZL\xec2\
{\x16It\x9d\xfa7C\xfc\xf0\xf7\xb7\xfc\x8b\x97\x9e\
Wd\xc1\x5c\xfe`\xf1\xbdNZ\xb6>\xe4\xf4l\x17\
\xbb\xbc\xaf\xe0\x14\x8d7?\x88u@\xab\xeb\xb0\x8bN\
gV\xab\xffx\x22\x91\xd8\xbaT\xf7\xec\x80\x03\x13B\
5\x12\x9a\x05|\x1a\xc2\x07\xc6G\xe2r\x85\xecR\x8f\
g\xb7\x1d\x9d\x8d\xae\x85\x9eQ\x80\x83\x96\xc1C\x0f\xdb\
C{\xbc\x82\xe5i5\x80\xae2>@\xe7\xef}\x13\
c\xeclQ\xdd\xa9'\x19\xf46\xb2J\xf1\xc4m\x05\
a\x1dNK\x91\xc5\xcc\x1e\xda\xe0\xc0D\xd3\xb8\x97\xc7\
\xe6\x88\xaf\x10nz\x02/\xde\x0d\x1d\xd4\x1c\xed]\xff\
\x80\x17Z\x8d#\x91\xdf(8\x1a\xbc\x1fVC\x85\xb6\
l\xf9S\x8a\x8b+\xa5\xa3q\x221\xd9\x94\x11\xb0\x96\
\xe5r\xd19X\xa8h'\xfcI[\xef\xc3\xbe:\x10\
\x7f\xfc\xf8\xea\xa1\x15\xbe;>8\xeb\x99\xd9C@<\
\xfc\xab\xd6O~\x9b\xb8%\xde\xba\xe5\x06\xd0\xdd\xf9\xbb\
]\x89\xd4\xf2\xceS\xa5\xdd\xe6$\x83^{\x0c(X\
\xccvT\xc0\x8e\xe8e\xa6\xb9\xcda\xffJX\x7fu\
\xb1\x1cv\xde4\xd2\xf7\xc4j\xbf\x0e|\xb2\xcd)(\
\xec/\x17\xbd\xc7\xab\xb8])\x1c5\xa1\xe4\x96\x94Y\
\x13\x89\xa9G\xa5u\x17\x85q/z\xa4\xed(\xf1.\
\xd9o\x00V\x89puc\xc1\xf0\x8f\x8e\xfe\xb7\x9e\x1b\
\xd6\xed\x1c\x86\x0e:\x1f\x8d\xfc\xad\xf5\xb3\xe7\x7f~\x7f\
vQx\xe8\xae:S%jK2\xe8m\xe4Uc\
\xf1\x1a\x19\xad\xc2r[D\xcf\x09\xc4\x0ch\xbe\xe8\x1f\
\x0d\x98\xdd \xecs.\xac\xdf\x03\xefw\xdd\xf3\xfd#\
c=\xa7\xd9:\xd5\xe2$\xacW\x09z\xb0\x83)\xca\
W\x80r\xff\xa8\xc7sH$f\x0c\xe5\xba,n\x07\
\x1d\x8c\xe6H\x1c\x05\xbcN\xf8Cc\xe3\xa3?\xea{\
\x9c\xef\xf7?\xea\xcb\x9e\xdc\xbe\x7f\xe3\x89\x90\xdd0`\
\x8f\xbeL\x7f\xf6\xb2\xbbaw\xf1=kb\xd4\xab4\
\xf7\xc4f\xa4\xf6\xa9md\xae\x12\xcd\xa8M\xc2Ei\
p\x83\x14v\x94\x1a\x19\xcb^`\x81m\xbd\xf7ng\
{\x87A\xc5\xe6\xf0\xfc9?\x1b\xf9\xad\xe1\xb1\xde\x1f\
\x18\xfe\xd5\xf8\xe3\xb2\xf7\x93\xdc\xe3\xa2\xcbY!\x02\xa3\
\xb6\xd2\xb3D\x22\xd1\x89\xa8\x90^\x97$\x07 \xc3\xee\
\x96\xb5\xc0\xf6\x87\xb0\xff\x15\xe9\xbb\xbb\xae\x1b\xfcD\x93\
M\xf3\x177\x86\xc5_9\xbc\xb0?\xbb\xba H=\
\x12\xfd\xd57\xedx<\xb1='\x9b\xbe9\xc9Co\
'\xd0f\xc8\xebq\x87^\x12\xac\xb8\x9b\xa1\x8b\xc8p\
\xf5\x97\xc7\x0e8\xd3\xd9\xc3;<y\xb0_\x0d\xbc\xcd\
\xc1g`\x1f \xd3S\x9e\xc3\x9b\x96\x83\xac.M\x5c\
\x8c\xd7\xe6E'\x123\x1di\xa2z\xcbR\x03lY\
9\xa2\x0bs\x12\xe8hB\xf8\xb8\xcd\xf9\xc7\x8f\x0d\x7f\
\x97sx\xac9\xe0\xf57\x94\xde\xfa\xd1\xe7\x8e\xe1Q\
\xfa\xb1\xba\xca=\xaf\x16\xeb?\xf9\x1b/M2\xe8\xed\
\x14\x1ag5\xc3E\x04\xce\xec\x0at\x1d\x18\xd0.\x9f\
\x1f\xe9\x1bo\xc6\xfd\xcc\xc8b\xd9'\x1b\x96`\xed,\
h\x94\xe9~.[BemQ\xf5\xda\xbd\xf2D\x22\
1A\x91\xf4\x22\x10Y\xd1\x94\xd8\x16\xea\x95}\x98\xe1\
`\xa1\x0f\x03\x97\x05\x0d\xaf8\xf6\xecM76\xe7\xf6\
<\x96\xad\xcf\x83a~Q*\x07\xaa\x89'\xe3z\x0c\
s\xcaI\x06\xbd\xe6\x94-\x0f\x8d\xd8\x93\xa8\xfd\xb6\x0f\
#\xbb\x8e7}\xb2\xe1H\xe1\xfd\x91\xe6\x15)r\xad\
 U!d\xe1Tx\x96Hls\xb4u1\xacR\
\xe8l\x90\x95\x01\xfbX\xfex@g\x80\xee\xeaZ?\
\xbe\x12\xc5+E8\x18\xbb\xca\x9d\xe9\xf8]\xa1P\x88\
S\xab\x22)1A2\xe8\xedd\xfc\x92\xca,\xd3G\
\xdb\xea{5\xc1\xff&\xbb\xcfb;\x99\xae\x96\x8e\x1b\
T\xf6{\xe2X\xdb\xf1\xcb6\x91Hl\x05Tu\x85\
\x91mY\xc1x\x01\xd6\x02\xc9\xc7\x99\xf0;\xd8s\x04\
Y\xe5\xdew:\xadcG]Z\xb7O!\xc9\xa0\xb7\
\xb1\xf9i\xaf&3\xa5\xec\x90\xe4\xa29\xcbB\x0aq\
\xe8P\x15hj\xf3\x9c\xfd\x9a\xbc\xa8D\x22\xb1\x15i\
u\x85\x01P\xab\xecM\xbd\xc2\x0b\x90\xcad\xb9Z\xa8\
\xca\xd4\xe4R`zH\x06\xbd\x9d\x9cb\xea\xd7\xa9$\
\xa2\x15'\xb31\x99\xab\xde\xcb\xe9\xec\x9aH$^\x8a\
\xb6D:(\x12\xe9\xea\xb4]\x98\xea\xe8\xe1\x17&\xed\
\xcfx\x92A\x7f\x11mMIku\x0cl\xcfw\xad\
\xd5\xc0\x13\x89\xc4\xf4Pm\x17\xda\xfc\xf3\x0e\xa7\x1ae\
2\xe6/\x22\xd5\xa1\xbf\x884I\x12\x93F\xa9\x03T\
*\x1d\xb8h\x95\x07Ex\x85\x89\xcc\xc5\xfa\xe0\xea5\
Q\xbe&\xbb\xa5\xe4P\xfd\x97Db2H\xba\xaf/\
\x22y\xe8\x89\xc4T0a\xb1-\x8a6yU\xd5\xaf\
\x8b\x9e\x99e/\xbb\x9aQ\x5c\xf9\xd8U\xda\xb1T\xed\
\xb3v)RJ\xd5\xe97\x91HL*\xc9CO$\
&\x17Od[\xda\x92K+\xa7\x1cq\x8b\x1d>\x8f\
\xb9\xa7jm?\x9d\x03\xfde\xb0]\x14R\x98U\xc0\
\x9f\x03\xd7Y\x1e\xb7\x5c\xb4\x14\xd0\x84\xae\x97\x9d\x8a\x8c\
\x12[\x914\x9b^D2\xe8\xed\xa4\x09\x92\xd8Z\xb4\
\xbcT\x1b\x14\x0d\xd1\xd2\x98\xadG\xb0\xbe\x13\xc5\x07\x88\
>E\xc1\x17 6\x94n\xfa4\x0f\xfa\x95Sf\x9b\
Xb\x93\x82.\xce\xf3\x91S\x0d\xef\x02\x9do\xebA\
\xc3\xa8Q\xc4\x8ee\x16S\x0d\x8f-\x89\x8e\xa2\x92\xe6\
N1\x9f\x17\x91B\xee\x89\xc4\xd6\xa4L\xbc\x95\x0a\x87\
\xb4\xd0\xf0\xf1&\xcc\x032?\xb6t\xe9pW\xb8\xf2\
\x81\xd1\x9e\x91# \x8c{x\x1ck\xb4\x0a\xc6\xd7o\
\x93\x12*\xb2\x8dG\x05\xe3}\xda~\xec\xd6\xc8\xc5\xfb\
i\xf8\x8an8!\xa07\xa3x\x12\xb0\x9f\xf0\xdc\xb2\
\x19o\xf5\x94\x92\x86g\xe2\x153Q\x87.I)3\
\xae\x9dd\xd0\x13\x89\xadE\x11R\x8e\xa5\x07*\xa1\xe7\
m\xdf.t\xa9\xc5UD\xee\x9b\xbf\xa0o\xdd='\
c\x9d\x07\xb3\xe6\xc3\xf3k\x18\x07\xc6*\xabX?\x8b\
^f\x00\xc0(f|\xd6\xce\xa0\xb5\xf0xO\xdf\xe8\
\x91s\xb9b\xc33\xa37E\xf4\xef\xc4x\x5c$\xbc\
]\xf2km\xef\xa0J\xc2\xc9\x0e\xed\x0dz\x13\x89-\
\xa1\x12\xcc\xaaaPkRI\x06\xbd\x9d\xd6\xa6\x92f\
Ib\x0b)\x8c\xb8\x10\xb9\x8b\x94\xb6\x00l\xb4\xb9\x02\
\xf1\x1f\xa0\xab\xc9y\xa6\xf9\x5c\xdfX\xff\x0eD\xc0\xaf\
\xbb\x0d\xf3\x9a\xe2\xab\xd7>\xebq\xa1\xd1R\xa0\xb3\x8e\
f\xcdE\x83B\x8f\xc9\x8c\xf7\xef\x88\xdf\xb4c\xb1\x80\
\x86\x9f\x87\xf9\xbb\xf7l|\xf8qn\x9b\x95\x0f\xde\x85\
\xf8.\xd6q\x92\xdf\x05\xbc\xc9\xf6<\xa4\xa8\x22}.\
#%\xcf%^\x11\xaaQ_\xcc\xa9!\x19\xf4\x97\xa4\
\x86\x8eRb*\xa9\x94\xb6*\x09\xa2h+\x14\xf6\x88\
\xf3\xa2\xf4O\xd1\xdc\xf4\xdc\xf6}\xeb_\xb5\x96l\xa7\
\x83a\xf9\x99\xca\xdb\xbf\xc1\xd2\xf3\xca}\xc8a\xdc\xf2\
X\xa5\x0eD\xcdf^\xd9K\x00\xa41\xd0x\xf5\xf7\
\xcb\xcf,Z\x85\x94\xbf\xe2\xd2\xf3\xec5\xabx\xec\xb1\
\xf9|k\xd7M\x9b\xbe\x977\xbb\x8eT\x88\x1f\x22\xfa\
\xb7\x5c\xf4,\x8ee\xc2\xbc\x8a\xb0|\x0a\xc7'\x12\xaf\
\x94d\xd0\xdb(\xee>\xad\x96`A\xdaN\x12\x9b\xd3\
\xcaXwU\xad%\x8d\xda<.\xf9r\xa2\xbe>\xee\
\xe1\xdbn\xd4\xfc\xa17\xef\x83\x9e{\x9e\xb0\x02r\xce\
|\xf1DZ\xbe\xaa\xf86\xc7z|<\x84l\x14\xd5\
\xb3p\xad\x95\x14\x07\xa3\x22\x8e/_\xf5\xd2\x1e\xd3\xf2\
3\x953`\xf6\x85\xb0\xfd\xc1\xb3\x87b\xe0\xaa\xe7\xee\
\xe3z\x0d\x0e}I\xd1\x1f\xb0\xf4\x16\xf0\xabm\xf5\xb7\
\xce\x01\x9e\xd0/\x9e\xc2\x97\x94H\xd4\x96d\xd0_\xc0\
D\xcc\xafv\xceRb\xf2(\x9aQN\xc8eJx\
\xd0\xd2\xad\x86\xab\x02\xf1\x07\xc0\x1d\x0f\xbf\xb1\x7f\xe4\xd1\
\xbd\xfa\xccW\xd0\xa5\x0f\x00e\xcf\xe9\x9fG\x08a\x1c\
\x18\xab\xedl+\x06n\xd9\xa3v\x1c\xff\xb9\xffv@\
\xdc\x0f\xf1~\x9b\xd3\x7f\x80~\xf6~\xc6\xe6\x9d\xd8\x7f\
\xf3\xab\xdf?\xfa\xd3a\xe5\xff\x17t:\xf2\xc9\xb2\x8e\
4\xcci{\x1eU\xb7\xccZ>\xa2\xc4\xa4!j\xba\
l&\x8bd\xd0_\x80^\xe2O\x89\x19GK\xe3\xac\
\xec)]\xf5\xac\xb2\xc5Z\xd9\xd7X|/\x06\xae\x8f\
\xa1\xef\xbe\x1b?S\x86\x9a?[:\xa7\x03[\x90\xaa\
sT\xf1A\xb70nS\xdc\xa1\xd7\xcc;\x07\x8a\xdb\
)C\x14c\xd1\x1a\xaf^\xd7\xcf\xff\x1a\xf1\x83\xf2\x90\
\xf4\xf4\xbdp\xef@\xef(p\xdb\x09_\xf0]\x1e\x1b\
:\x0f\xf9\x18\xc1\xe9\xc0I\x98\x1d0\xc1\x08\x99\xc8\xe6\
f\xbd\x86\x0f,\xb1U(\xf3GS\x0d\xe4\xe6$\x83\
\x9eHLPx\xe2\x85\xf1\x8e\x14\xdbF\xb0,\x99g\
,].\xfcM\xc4\xady?O\xdf\xf0\xe9\xfe\xcd=\
\xf0Wb\x90\xdfZ~\xc9O\x18w\xceX\xa1\xafV\
C?\xbdx^\xc6\x1e\x858^\xbd\xae-\xe2\x05\xcf\
k\xe5\x9fi\x1c\xb8\xf7\x84\xbf\x1c\xbc\xdf\xe6R\xac\xc3\
\xc0\xef\xb7\xf4F\xd9\x0b]\xc4\xf7\xa3\x8aK\xf7\xe0\x22\
9\xbe\x86\x0f-\xf1+\xd1\xd2r\xa7\xa6y\xa4\x93G\
\x12\x96I$\x0a\xec\xe2\xbe\xc5\xb2\xc7-a\x91Y<\
\x8e\xf9jt~:\xf0\x81]\xf6\xed\xbbx\xe8\xf4\xfe\
\xa7o\xf8T\xff/\x0c\xa7o\x09\xbd\xcfo\x1aWd\
\xd4U?\xa0\x9a\x22\x18\xd5\xfa\xf5??\xe4\xbe\x85\xac\
\xfc\xf3\xfe8\xf4\xb6\xfe5\xbb\xec\xdb{9\xe6\xb7\xc9\
\xf27\xda\xfa{Y\x8f\x08e\x85\xd6\x9e\xc6\x8bd\xc4\
\xba?\xb9\xc4+\xa6MX&\x99\xf3\xcdI\x06=1\
\xb31.\xe4K\x8dp\x8e\x85\xa5M\xb2o\x979W\
\xd6\x194\xba>\xb1\xe3nsn\x1e\x8f}\xe1\xc2{\
\xe5\x9f\x1c\xa1\xf8+{\x06\x12;\x7f\x11n\x98\xbfK\
\x1e\xb30V\x84\xf3k\xb7=\xb9\xed\xe3\xf8\x03\xbb\xbd\
*\xdf\xf9\x8b\xfc\xea^\x93\xc4O\x8eP\xbc\xf0^y\
\xfdN\xfd\xe1\xe1\xde\xd9\xab\xd5\x97\xfdW\xc9oG\xfe\
\xac\xa4\x9b\x857\x96\xb7\x14\xcdr\x04N\xf1\xd7\xc4L\
'\x85\xdc\x133\x93\xa2\xee\x1b&:*G\xa4\xa7\xc0\
\xab\x04\xdf\xc7\xe1\xaa\xee\x18\xef\xbbg^\xdf\xe8\x82Y\
\x84\xde\xed\xd0M\x1f\xdb\xbc\xf4\xecW\xe5\xd0\x9d\x8b\x8f\
\xc3\x0f;\xa7j\x06Y\xb7\x00rQrf\xa4\xfc\xd0\
\x9d\x8b\x07z\xf9\xd6\xfa\xde\x03\xf2\x9d\x903`\xed\xb2\
\xa0\x9b\xa7\x06\xbb\xef\xdc?n\xb8gl\xa8\xeb\x02\xa4\
\x93\x04\xef\xc2\xde\x1fX\x08\xce\x5c5\x86)\x9e_\x9d\
\x9eb\xe2\x97$\x9d\xe16'\x19\xf4\x97\xa5n;k\
\xe2\x17PTW\xb9\xed\xae\xba\xe8\x10\x16A\x8f\x1b_\
&\xfbG\x84pc_\xd7\xc8\xe3\xebF\xb6k>>\
\x1f\xc8\xe1\xd6\xa7\xc8o\xfd\xc4\xd6\x9f\x0b\xebF\x00P\
/n\x96\xd1\xfe\xda\xdd\x09\x96\xf2\xb6\xb6\xdd\x5c7\xc2\
\xe4\x84\xbf\x07\xe4[\x07\x9c\xef6\x07=\xb9\xdf\xdc\xf1\
\xf9\xf7sO\xf7&\xee\x1f\xcfF.6\x1c\x8e\xfdf\
\xc1\x1b\xb0\xf7\x02B\x11\x91\xaf2\xe3]\xa6\xed\xa5\xc5\
\xbc\xcd0!\x00V\xc9\x08\xd7n\xddL\x16)\xe4^\
\xe1V\xa7GW\xc5\xaf\x89m\x02W-R\x8a\xb6 \
E&My\x0f\xfb$\xe2/\x09\xbc\xdf\x19\x7f\x1a\x9a\
\xe1\x82]\xf7\xe9}\xf8\xc7\xbf\xbb\xdd8\xe0\x87\xd6\x11\
\x9f\xf8\x94\xcc\xc0$\xcf\x053*\x11\xdb|\xf4\xda \
Uyq\x8cN\xea\x0f\x1a\x10O|J^\xfd\xce\xe2\
\x06\xf5\xba?\xa4\xb9\xe05\xbd\x8f6\xf1\xf7\x83\xf4\xe7\
\x16\x1fD\x9c[\xbc\xa7V\x19xQ\xd9\x10\xa6\xfa.\
\xb5z\xb6\x89\x97\xc1T\xdb\xf4\xabl\xef}\xf4\xff\x18\
\xcc\xa6{H\x9dB2\xe8\xb6\xca\x05\xef\x00\xc1(S\
Z\xf7\xb5\xc7\xe5\xcdx)\xe8\x16\x85\x8b\xca3\x09\xe4\
'$-\xa3\xabq(bY\xc8\xb8\xe6\xbaf\xff\xda\
\x1fg\xbd\xb9\x1a\xc4\xd1\xb9\xf8\xe6\x81)0\xe4%\xa5\
\xf4k\xac\x9a\x8d\xd6\x07WO5\xda\x8cL\xc9\x8f\x94\
\xb8\xf6\xd3\xf2\xe8\x5c\x1cD\xbc1\xef\x8f+c\xdf\xf3\
\x0e\xba^0\x90\xb9q0\xd6\x1f\x83\x1e)\xd3#T\
\xd4\x03:V\x86\xa0\xdd\xc2'\xeaGq~\x04\xacC\
@\xdf\xc9\xc6\xf4\xb7G\xfd\xd9\x86\xf9\x13\xff\xa0\xb5\xa7\
\xcf8f\xa4\x1b\xba\xf4\x1f\xad\x1b\xef\x82\x87\xef\x87\xe3\
\x8f\x18m\xd0\x15\xe79z\xb1\xa4\x8f`\xde\x86\xdcS\
\xd69\xce\xc8\xe7So\x8a\xf8[\xe5\x8d\x0b\x19\x91\x1b\
6\xe1\xe2~\x5c\xf6\xbf\xae\x1c\x98\xfd\xf8t\x8ft\xf1\
\xff\xb1\x80\xd0\xf5\xdc\xf0\xef\x02\xe7\xca\x9eS\x96b\xd5\
c\xde\xb5j\xe7\xbd\x11\xf4g]\xb1\xef\xcb\x80Wl\
I\x1d\xfe$s\xdc\xd9\x83;a\xfd\x9a\xc4{\x81C\
l\xe6\x823\xa9\xbc\xd8pQ\x8cX\x9bg\x9dx1\
E\x22i\xb1\xd8\xa5g\xb1\xbf\x08|O\xf0\xf0\xfd\xee\
\x1ey\x86\x06\xc7\xf7\xe2\x95\x7fB=5\x1e~\x09f\
\xc6\xab\xac\x18\xb0\x16\xed\x8a\xf6\x0e\xf0\xec\xa3c]c\
\xdd\xf9\x02\xd9'Ds\x9a\xe0\xed\xb6f\x97\xcb]\xe9\
Z\xa6\x96\x14\x05-E\xb85\x82\x9a\xc6\x8f\x0178\
pe ~\x7f\xee\xa2\xd9\xcf\x5c\xfc\xd6\xceX\xe0K\
\x06,\x8c\xc6\xc3\xf0oY\xfe\xa2\xac\xed\xa8W\x83\x92\
\xe2\x96\x1a\xaf\x03}\xaa;\xf6\xfd\x0b\x1db\xd0\xb1y\
\xeb\xc5h\xe3\x8d\xa3\xf3Q\xf3m\x96N\xc1\x1c\x0b\xec\
\x0et!\x85VC\x1c\xd5QE?QD\xb3Z\xc9\
\xad\xb2\x18\x13\xdc\x0e\x5c`\xebb\x9c\xdf\x1bzg\x8f\
=y8\xde\xee!\xb8\xe5\xe3\x1d0/'\x99\x99\x91\
\x14gs\xe8\xb7\x08\xcf>QL\x81'\x9f\x1e}\x15\
\x8dx\x0a\xd1\xa7G8^\xb0#\x90\xb5\xaf\xea\x0e\xd8\
\xef\x13[B\x99\xe6:\xd1*\xa5\xf8[Kw\x80W\
\x06ti\x1e\xb9\xb5\x91w?s\xf7\x7f\xc9\xe2\xe2\x9b\
\xa6u\xb4/\x89a\x94:\x0a\xcb\x94\xe6\x5cV\x84)\
\x0a\xb9\xbfBV\xff\x97\x9e\xb5\x07\xfd}\xe3\x9b\xe3\x1a\
\xbb8\xb3\x0eG~S\x84\xd7c\xbfV\xa2\xcbES\
\x18\xb5I\x8f\xd5\xe785\xd3):\x1a\x95\xe9\x8f2\
v\x03\xb1\x08t\x80\xe4\xd3Q\xf8>\xe3\xc3?\xd8\xe3\
\xae\xa1\xfb\x1a;\xed\x90\x9f\xfay\xeb\xf2\xcf\xfcb9\
\xe6:\xb3\xcd\x1b\xf4\x85\xd7[;\xff3j\xf6\xe1}\
\xc6Fw\xe6\xa9\xfc\x1d\x16\xef\xb29R\xd2<\xe1\xae\
2nS-\xe9\xb4\x9ckB\x15\x5c\xb7\x15%2\xa3\
1\xc4\x8d\xb2/\xc3\xf9w\x09\xe1q\xcf\xca6<u\
Ww\x5c\xb8#~vG|\xf1i\x9d\xf3\xf6\xce\xdb\
\xbd\xf8\xb8\xe61\x0fcr\xa4\x96\xbaM=\xa8\x84q\
\x1d\x81\x91\xea\xf5t\x04\x12\x17\x97\x09\x91\xb1'\x8bO\
-\xee{n\xe1\xed\x5c\xc1\xa6\xd1\x1b#\xde9\xd8o\
\xb7\xf4V\xf01\xb6\xfb%\xe5\x98P\xbf\xf68\x89j\
\xc1\xa8\xc8y\xc7x\x16\xe8\x18\xe0P\xf0{F7\xf5\
}sl\xd3\xf0\xf9=\x8d\xbe'O\x1apv\x15\xc4\
-\x92g\xae!\xdbtR\xdc\xd2\xf3\x9c\x01\xee{r\
\xa4\x7f\xce\xfd\xc3\x1fp3.\x8f\xe2\xefm\xbdEb\
\xbeM\xd7D\xc7\x0d)\xad\xe5Z\xd0*F\x90\x9c\xdb\
\x0a\x85\xf2\xa8\xaf\x03>aq\x86\xd1\xe7G\xd7t\xdf\
\xb9i}\xff\x86\x9b~\xa7;\x07\xe2\xca\xbf\xea\x8c0\
{;\xdd\xb3\x8b_B#\x92\x9ae\x09\xd8t\x0fk\
\x8b\xa9\x947\x0dMK#\xd5\xeb\xe9($V\xfeI\
\xd1\xc2\xf5\xc6\xdf!\xdf\xb0g\xcf\xa6\x91\x9dz\xef\x13\
\xfc\x8d\xa2\x97\x22>*qE\x99>\x17\x84\xf3*\xce\
\xd3\x8a\xf7$\xea\x81\xca\xff\xa1\x00d\x92\xfbm\x1d\x09\
\xfc\xb5\xe1\xfc\x91\xb1\xe1\xdf\x04\xf2\xd7\x03K\x06\xbcM\
\xda\xbem\xd6C?\xea\xf3\xce\x9eX=\xbc\xd3^\xf7\
p\x94\xcd\xef\x17'qf\x0b\xe5\x14)S\x99\xca\x90\
M}\xb6\xd0\x19\xcaD\xb9Y\x15\x946\xd2\xb8\xcdZ\
\xc9w\x1a})\x0f\xe1\xea\xdd\xf7\xefy\x16`\xcd*\
\xb2k\xff\x0e#5\xf9\x22<8\xbd\xa3\xff\x85\x18\x8f\
b\xe5e\x09X\xa7\x9d;^\x16\x95\xc5\xdeBMp\
G\x86\xdc\x01\x90\xaa9\xe0;\xa0\x89\xad%\xcb\xfa\xb5\
\x02\x9e'\xf2\xad\x13\xb3\x91Kss\x0c\xf6\xef\x1a\x8e\
\x10\xde\x01\xd4\xad\x96]\xaf\xce\xfc\xb5\x09\x9d\xcch\x8a\
\xbcGc\xd4\xa5\xa2\xba\xa1\x818\x06qx\x93\xa1\xdf\
 \xe8o\x9a1^\x7f\xd4\xc0\x86\xe7o\x1c\x98\xbbU\
\xc5\xa2\xa6\x9bm\xc3\xa0W%\x0a\x12\x8b\xce\x1dl\xf4\
4\xb5;\xcd\x91c\xc0\x1f\x88\xd6\xeb\xb1\xe7\x14\x97d\
\x8a\xc8\xa1\x08\xb1\xd7\xed\xc2rF2qCN+]\
q\xcc\xe8~\xe1k\x02\xbap<\xcb\xaf\xbda|\xce\
\x06\x80\xdd\xcb\xec\x98\x15\x03\xca\x19\x98\xc6Qo!O\
m\x02\x8a\xcb\xdb\x11\xe3f\xab\xbbxM\xa6e%\xd9\
b\x91\x9b0\xfa\xd4\xa6\x9ax\xb4\x92W\x14\x0at\x00\
\xba\xfa/z\xd7\x02\xffy\xc2\x176\xfe\x98f\xd7Q\
\xd8\xef2>Q\xb0\xbf\xa5\x1e\x19\x97\xda4.\xa3(\
\xf5x\x83f.U\x89\x92\x0bo\xdd.\xef\xb2z0\
'\xdb~\x9d\xe0\xd2L\xd9\xb7\x8f_6t\xcd5g\
\xf5?\x07lfG\xeaJ}G\x0epVyx>\
\xab\xf8\xf4\xb8s\x86_\x8d\xfd6\xe0\x1d\xa0c\x81\xed\
\xaa\x94\x89\x16)\xa3\xb5\x0e\xb8R\x81)W\xa6l\x0d\
I^m\xf3\x1f\xa0\xab\x08\xf1\xf6\xd1\x9dgm\xbc\xe5\
\xe3\xc0@\xf9\x8e\xd6\xed^\xac\xc8r\xe7\xb8\xae\xa1E\
\x8a|\xdb\xd6>u\xaa\xaf0\x85:\x8f\xe5\x07\x148\
\xf3\x9af\xffO\x80-k\x1f\xdbI\xb4m\xe4K\x06\
Ld\xd3\xec\xa6\xc2!\xc8'\xcaz\x17\xe80p\x7f\
\xf5\xaf\xcb\x16>\xc9c\xaf\x17\x9e\xf8\xdd\xb2\x882\x8f\
Y\x5c\x09\xe1[Y\x16W\xfe\xf83\xfd\x83\x80\xf8\x1b\
`\x03S\xa6C\xb15\xa9\xdf\x88\x81\xa5\xe7\x99\xd1\x0d\
\x84\xef\xfd\x15\xe6\x03\xf8\xf8l\xe3\x02b\xf6\x16\xe0\xe3\
\x86\xfd\x80\xedU\xdd\xeeU^O:Uw:\xed\x0b\
.\x22\x15w\x5c\xf6&\xc4\xcd\xa0\xaf\x03\xd7;\xe6\x0f\
_;0gx\xf3/\xab\xe9[;PH\xc3\x1d\x1f\
F\x0e\xb6\xe3\x05\x12\xaf)eK\xeb\xf1\x82LY\xcd\
\xcd=\x92\xde\xbd2\xf6\xdd\x0d\xd4\xcf\xa0\xbf\x0c\xc7\x9d\
\xb3\xaeG\xb1kw\x14\x16A\xfcM\xa3\xa3\xb0\xe7\xa9\
P\x1a\xcc\x81\xd0J\xa2M\xfbK=pu k5\
W\x8c\x16\x8f\x09\xad4\xfc\xc3X\x83\x9bo\xee\xed\x1b\
^\xb2\x81l\xc5YDT\xaf\xb9\x5c\xbbI\xb8\xf4<\
\x07@\xa3\x1b\xc8\x9fyth\xc7\x10x\x8b\xe0\x8f,\
\x0e\x11\x0a\xe5\x16\x136\xb7\xe6\xf5{\x9d3\x87\x09!\
\x18\xc9y\xf9\xe7\x0c\xd8\x04\x5c%\xfc/v\xbcL\xca\
6]\xeb><\xb0\x0d\x95\x9d\x0c\x15!\xdf\x13\xbe8\
\xbc\x8f\xf1wm\x1dT+\x0f\xbd\xa5\xeb\xe1\xbb\x10\xef\
\xbc\xf6\xd3\xfd?\x03L\x7f-\x86\xbfE\xe8\xb3\x0e\xfb\
\xdf?\xce\x8e\x07\xb8'*\x9e\x08\xfe=\xf0\xa9\xb2f\
!\xf2\xd2\xbd\xcf*E\xfbd\xd8k\x82\xdb\x02L\x10\
\x8d%\xb1\xd6\xe6\x9b\x0e\xfe\xfb@\xe3\xde\xa1]{\xd4\
\xec%\xfc\xf4\x03E\x05J\x1d\xe8\xfcQ\xda\xec}9\
\x0c\xaeD\xf3w$l\xbfv\xb8a\xc7\xedQxs\
\x80\x0f\xda\x1c\x8f\xe8\x91\xc9\xc1\x99\xab\xc4\xdb\xb4\xb0:\
\x9f\xe2\x94\xec\xf2v<\xb7\x19\x07?-\xe9\x0a\xc7\xfc\
\x82[.\x9d}\xc9\xfe\xbf\x07\xf3\x1eFY\xb3C\x04\
K\xb6&E\xa8W\xc7}~p\xa1r]d\xeb\xb0\
:\x19\xf4J\xc5\xdd\xf2\xedA~\xdb\xca\xbf\x98\xf5\x04\
t^5\xc1\xaf\xca\x92\x01kp\x0dZ\xf7 ~p\
\x09:jd\xf8M\xe0waN\x06-Dt\x0b\x07\
\x5c\x8a\xd4\xd4a_M@K\x9a\xc6\x12\x8a\xc6\x96\x08\
6\xab\x91\xbe\x89\xe3\x05\xb1+{dhS\xefh\xff\
 \xf1U\xc7\xe1\xf3\x7f\xad\xb3\xdf\xda\x8eO\x8a{\xef\
\xf9\xe8\xd6\xed\xe1\x800\xdc\xdb|\xce{\x18N\x10z\
\x8f\xe0h\xf0\xbc\xa2\xdb\x0e\xb6h\xc8\xaaZJw\xf6\
S\x9f\xf1\xb8\xcck\x90K\xb7f#\xf6*\x89\xabL\
\xb8\xac)\xdd\xd4K\xdf\xd0\x9c\xaf\x017\xa1\x1f\xff9\
\xbfz\xff\xf1\x0e&\xe4\xd9H\xb4\xf3Vk\x96\xba\xbc\
\xd4V\xed\x81rY\x9d\x9b\xe5\xfe+R\x1e$\xbd\xe4\
,\x87u\xa7\xe1\xee\xf3\xfa.%\x8e\x5c\xdd\xec\xf2\xe1\
\xc6o\xc4\x9cbt\x80\xf0\xf6\xb6B\xab\xd1[\xa1B\
\x97\xe8\x5c\xaa:'\x97\xe5\xcb\xb2\x89\x92\xf6\xb7}\x0e\
\x0a\xa7\x87\xa6\xffcN\xcf\xc8\xa5\xea\xd1\xbd\xd03z\
\xc2\xe7\xed\x95\x7f\xd6\xb9\x87\xd6\xce5\xe8e\xa2\xca\xf8\
\xbf\xe4\xdam\xd5\xc8\xbe\xb9t:\xf0\x16\x89\xd7a\xe6\
\x97\xa7*(j\xe9\xcb\x0a\xb4\xb4|:\x98\x89\x8cu\
U7!^k\xeb\xda _a\xe9J\x13\x1f\xdc\x14\
{\x07\xd7\x82\xf7\x01=\xbb?\xf1\xd9\x03d>8\xbd\
\x03\x9fdL\x0c#R\xde\xac\xae\xf7\xeaC\xf1>\x1a\
5\x9d\x87\x11\xb6\xf1\xba\xed\x15\xcb\x14\xcb\xcc\xf8\xb0\xd3\
\xba\xdeav\xe3\xba\xa7\x877\xdd\x9ew\x87\xe5\x98\xe3\
\x0co\x01\x8e\xb5\xb5@e'\x98\xa2\x83^\xca\xe1\xe9\
p\xd4\xca\x8b\xc7\xa1\xf4\xd4\x8d\xbd\xd8\xe2 \xe0\x1d&\
~\xff\xa9{G\xbeC\xd6{\x1fe\xd2n'\x1a\xf5\
\xce\x1bQ\x85\xcd\xb1\xcbFw\xce\xb2\xfc#\x8ez;\
\xf8@\xc3l \xd0\x96fZ\xb3\x1dp&Q\xca\x88\
M\xb4\xaf\xac\x84\xb3\x8d\x07\x85\xbe\x8b|>\xe8\xd6\x10\
x\xea\xb1\xf7\xf7\x8d\x1dt\x1dz\xf4><\xdfx\xc5\
\xb2\x19\xf2\xb6\xda\x9c\xf8g4\xf2\xbe\xa1\xab-\x1d[\
\xab{\xd8\x89f\xe8\xd7>\xdb\xd7\x7f\xe2\xbd\x7f\x5c\x9f\
\xbb\xc6_\x95\xa5\xe7\x19\xeeGW\xac\x83\xe7\xfa\xd11\
]\x83\x8d\xac\x99\xed\x0c\xbc\x16\xe2\x19\x96\xce\x94=\xa7\
\xd20kecUk\xa2\x93\xf7\xde\x19O\xeb*\xc9\
\xe5\xeee\xc1 \xd2j\xe3\x0b\x88\xfe\xbf\xd7\x9e5\xeb\
\xe9N\x9c\xeb\x9d3\xa2\x89\x89\xceq\xe7\x8c\xcc%\xe6\
\xef\x07}J\xf2\x9eFYu{Z\x99\x08Rh\xbd\
\xc3\xa9\xc2\xea\xb8LR\xc4fP\xc1\x17\x06g\x7f\x85\
y\x00\xe5cY\x1c\x8b+\xce\xdaN{=\x88\x8f\xbc\
\x19\x96\x9f9\xc3\xde\xd2\xb3\xad\xfeqx]c\xf8j\
\xc9'\x149\x9d5\x99\xd7\xad,w\xad\xbcF}'\
\x02\xf0\xb9m,\xcf\xe1\x171P\xbe\xdc\xb3\xd0\x92e\
82\xaal\xc8\xddc\xb3\xb5\x0f\xce\xff\x9b\xd1\xfb\x84\
\xe7\x94\xd1\x8c2\xa1\xb3u\xd7\x9e\xe8d\x5cZ\xf6\xa2\
aA\xd5[p\xdc\xe2.\xa1s3\xe9\x07W\x7f\xb6\
o\xb4\xca\x85\xe9\x84\x8c\xf8i\x9bTK\xca\x85\xb0\x02\
\xb4p\x03\xec9\x7f\xa8;\x04\xed\x98\x8f\xebT\xe4\xdf\
\x17^\xe4B\xdc\x1a\xa1H)\x10\x96\xbc\xf2\xce\xa5\x0a\
0\x96\x99\xeb\xd5'C\xd8\x8f\x02+\x94\xe9\xcb4\xb8\
\xe3\x9a?\xed\xff9\xdfef\xb1\xf4\xb7\x8b\xa7\xf4\xf8\
\x9e\xc3\x97\xcb>\xb9\xe8v\x02t\xfea\xb5\xd4\xef\xb3\
$]\xb1\xdb\x01}o\x00X~\xe6\xf4oj\x9d\xc2\
\xd1\xe7n\x22\xcby\x8d\xac\x8fZ\x9c\x06\xda\x1d\xe8/\
5j\x8a\x8a\xf6\xb4\x9fu>U\x80QU\xef\x02d\
\xb9\x89u\x11\xf07\x81x{\x0c\xcd\x8d\xd7\xe6\xf3\xe2\
\x01;\xc0\x03\xcf\xe3\xf1\xcfM\xcf[:-?u\xc9\
\x80\xf5\x93\xdf\xc6\x87\xff3a\x94\xe1\x9e`\xf6t\xc6\
\x1b\x84\xdfm8\xa9\x95\xdaFy&ryY\x97&\
~gRFL\xaa\x1e\xe4H9x\xad\xcc*\xa3\x8b\
C\xf0E\xcd\xf9\xfd\xab\xaf_C\xac\xa3X\xc3d\xb2\
\xf4\xbc\xc2\xa0?q\xf7\xf0\xf7,N\xafM\xf4iB\
\x8eW\xc0\xf7w;\xb0\xef\x9d\x90\x0c\xfa\x8b\x180\x8b\
!kd\xc3\x07\x04\xfb4EN\x89\x81\xd7\x02\xf31\
]\xda\xdc\xa0w\xf6{>\xa3\xa9\xee\xc2\xecV\xc3V\
@h\x18\xfc-\xe3\x8bD\xb8n\xd6v\x8dg\xaf\x5c\
\xdf\x95\x1f\xf2\x0c\xfa\xc9\xdfM}2\xef\x94&\xc5\x95\
\x9b\x97\xd6\xde\x0f{\xfcpL\xe3\xc4\xc3$Nu\xf0\
[1GY\xcc\x92\xcb\x0dA\xad\xcd\x82Zlp3\
\x8e\x89Lu\xca\xe0\xab\xa0ix\x04\xb8Q\xf6%\x22\
\xdc\xb4\xdb\x81}\xf7n\x9c\x83/y\x1aX3\xad\x03\
\xeeH\xee-D'\xe9\x17\x9b\x02T\xf3~\x1aG\xb4\
\xa5l6\xce\x8d\xd5\xebH\xbc\x98\x9b .\xdd\xbfo\
\x15p\xf7\x93\xab\x86.\x10:\x06\xf3&\xf0\xf1\xe0\xdd\
1\x0d R\xe4\x07U\xbb]\x1d&\xc1\x0c\xa2Jl\
)\x85\x7f[\xfa\xa3\xee\x03>,\x857\x82/\x1f\xdc\
\xd0\xbcp\xd1\xe8\xd8\xd5\xa3\xcc\xda\xb4\xff_\xa3\xd9\x1f\
3\xb7|e\xea\x0e\xb9Sc\xd0\x07\xcc\xae\x10\xd6>\
\x00\xf3\xf7\xc1C\xcd\xc1\x03\xe7<\x11\xce@\x9c\x01\xde\
[f\x8eQ\x90\xddf\xba;0\xe3 Ai\xc8U\
\xdd\x09\xba(#\x0fH\x0f\xc8|\x1f|\xb1\xf1]\x81\
\xaeg\x1b\xee\xce\x01\xcf\xd9\x88\xf9\xcd\xf4v\xbe\x14\xb7\
?]|<.x#@Y\xcb\x5c\x0f/wBF\
y\xc3\xedO\xb3\x8d\xe7\xb8\xff\x92\x0c\x94\xc5\x88\xe7\x15\
\x0fg\xd7\x83\xfa\x1fz\xe4\xb1\xe6c\x8dM\xe3W`\
\x0e\x05\xdejx#\xd2\xc1\x18\x17\xadh\x15\xca\x03S\
]Nw3\x8f\x96\xda\x1cH\xca\xb0\x17\x1a\xfd:\xf6\
)\xa1;\x5c:k\x97\xa1\x7f\xdf\xe1\x99\xfe\x95\xb7\xcf\
c\xfc\xe8\x01g}\x90\xaf\x98\x82\xe8\xe4\x94\x18\xf4\xa5\
\x07\x91\xad\x5cE>\xd8\xdc\xb4p\xf8\x1e}X\xe87\
l\xf6\x05g\xc5\xfd\xb83h\x05\xf0\xd2\x04\xeeD&\
j\x8e1\xe4*nO3\x99{,\xbe\x81\xf4]\xec\
{3w\xe5\x99\xbb\x04\xe4\x80g\x5c\x92\xdb+\xa5\xda\
\xb2\xa5\x8d\xed\x8dh:\x9e\xaaw{q\xee.\xda\xcc\
\xd4`\xd8\xd3E\xb9\x0e\xbc\xf4<{\xa7]\x1a\xe3\xee\
m\xac\xd9\xf0\xf4\xf8\x15QcW5\xb3\xf0\xe5.\xc7\
w\x80>h\xe90\xe1h\x14U\xf4gO\x8f\xb5C\
ik\xd2cP\x10\xeeBZ\x08\xfeH\x8c\xbcgx\
\xee\xf0y\xafq\xf8\xf2\xe83=?eg\x1a@s\
\xd2\xc74i\xdf\xb9\xcc\xfc;\xfa\xf3\x83!kj\x01\
\x81wc>\x02:P\xa6\x1b\xdc\xa48\xd9\xa42\x8e\
\xce\xc4\x13\x16\xdc\xa5\xa9)6%\xc9\x1b\x8d\x1e\x09\xf6\
7\x84/t\xf4\xc37\xc4\xd9\xcdw=M\xc6\x1b\xf0\
\xf23\xb7!y\xd6\xc9\xe6\xac\x22\xcb\xe68\x0d\x0f\x00\
\x9f\x93*E\xca\x8e_\x0fU\x1d\x16\xc0Y\xd7\xc4\xfe\
s0\xb0,\xdd\xa1o)\x95\x8c\xf5wV\x93\x9f<\
\xbe>\x1b\x0d]\x0b\xf3\xa0\xd3\x0c\x1f\x05\xefm\x98\x83\
\x08E\x10\xcce\xcdgm\x92&g\x1en\x15\xa8G\
p(\x04k\xfc\xa8\xe0\xeb\x96\xbe\xe2\xbe\xfc\xc9k?\
=;2\x89j\x8a\x93\xe7\xa1_Y\xc4d\x1bMv\
1,\xc7,\xc2\xea*\xadCDj\xb4\xa9\x5c\xa6\xc9\
\xd9I\xb4\x1f\xaf\x5c\xb5\xa2\x22\x22?!sG\x8c\x5c\
\x18\xecKz\xd6\xf7?s\xf9!4Y\x83\x18E\xcb\
\xbf\xa2\x9c\xafL\xd3\x98\xeb\xca\xc2\xe2\x83\x9e\x8a\x1bA\
\xf59\xdf\xb6)a\x1b6\xb2\xdbt\x0f\xa8~\xb4\x0e\
\xbegY\xb3_7\xcf\x97\xcd\xe2\x91\xd3\xaf\xe7\x1f\xd7\
\x86\xc1\xef\x18\xbd%X\xef\xb4}\x18\xf2\xeeXY+\
\x111\xb9\xed\x9d\x89J\xedK9\x93\xcb:7\xd8\xdd\
\xe83\x98%\x1aa)W\xf24\x139u[\x9d\xc9\
3\xe8W\x01 \x1a\xdaN\x91\xc56\xa14\xe6\x13Q\
\xf5tM\xdeYx\xa2\x9e\xa6\xad\xb5M\xb4\xf4\x10p\
)\xf0#\x05\xae\xbb\xee\xb3\xfdO\x95_\x00\xff\x04\xfc\
i\xe7J!v<\x1f-\x03\xedg\x87\x0d\xad\x83{\
\x0d\xec9lv\xc3\xbb\xa1z\x1d|l\x1a\x07TW\
\x96\xc9\x17\xda\xe6R\xf4\x03\xc8\xf9\xdc\xec\xa7\x80\x7f9\
n\xd9\xe0\xf7\x11G\xdbz\xb3\xf0[,\xf6\x92\xd5(\
\xd7g,\xdbVL(s\xd4`\xcel\xf3L\x14-\
T\xc90\x06\x07\xa4}\x89\xd9,\xae\x9e\xdcwi\xd2\
\xef\xd0mu!2\xd99(Kw\xe4\x9dEY;\
^\xe8\xbe\x88\xa8\x22\xe7-H\x8ca\x1e\x82x\x01p\
\x81\x83\x1e\x0a]}\xcf\xaf\xfc\x93\xf6\x90\xaa\xe0w(\
~%~E\xb4N\xb4\x1a\x98M\xf7`~1*\xb5\
\xa0\xb0\x83\xfc\xfct\x0f\xa7\xf6\xa8L\x9ek\xe3\xda\xb3\
f=\xb7h\xc0\x17\xf70t-\xe2_\x02\xbc5\x8a\
\xf7\xc9\xda\x07\xe8+\xdb\x8aD\xecP\xbc\x13\xd4G\x94\
h[\xa7J\x89\x87\xaaM\xebX\x08Y\xe4\xcd\xe5q\
}`r~\xec\xe4'\xc5\x05u)\x8fEp\xae\x0e\
\xa1\xc4\x99\x82\xabtu\xa9Lr\x8b\xb2\xba,\xc6\xc1\
w \xbe-\xf8\x86\xe1\xb9k/\xee\x1f\xe7Z\xe8\x04\
%\xa4m\x95\x8c\xb86R\xde\x9d\xd7a\x99T\xd7e\
\xc6\xb2\xd6N\xf7p\xb6Un\x19\x90\xb1\xd7\xf3\xb7\xdc\
~\xc2\xc6\xe1;1\xff\x04\xbc\x1b\xf97\x8c\x16\x09\xf7\
\x82\xf2\x22\xdcKF]t\x0cf\x0a\x13\x89\xa3\xcdf\
\x8eY\x5c\xfc\xedd\xfd\xb80Y\xdf\x98\xfe\xe2\x97\x1d\
g\x95\x97\x0b\xa4\x18{\xc7P-z#\x9a\x92sK\
\x83\x96\x7f\x84\xfd\xe9\x8cpF\xdf\x1e\xfd\x7f\xdd\x88\xfd\
\xcf\xecv\xc0\xac\x9c\xeb\xe4d\xcc'\x09\xa9\x08\xce9\
>_)\xec\xd5\xa2\xfe\xab\x5c\xd2\x161\x97\xd6V\xaf\
#1\x09H\xe6\xbf)\xae\xcc\xfb\xf2\x91]\xfa\xd6>\
:\xb7\xef\xcb(\x7f'\xf8\x13\xb6\xbek\xbc\xdev\x13\
\xdc\xa4\xe8\xed\xddV'\x9d\x98N\xdc\xbaC\xa3\x19Z\
\xd2\xbf\x93\xc7\xe4y\xe8\xff\xbd\x94\x1d9\x87\xd9\x90\x8e\
\x8b\x1d\x81[\x1dS\xec\x22\x124\x8ey\xd4p\x83\xe1\
b\xba\xf2\x15\xdey\xce\x93Y@@\xb6\xd3A\xe4\xa9\
\xeclj\x90\xba\xd6BlK^\xe8t\xd4\x12\x08\x8c\
\x8d\x90B\xeeS\xc1\x80\xe2\xad\x03\x8e\xbb\xcf#\xac\xdd\
~\xce\xf3s\x9f\xe5\xeb\xa11\xfc=Y'\xca\xbc\x15\
8\x01\xbc\x97P\x0f8\x80&*U\x12\xd3\x82&z\
T5sQc\x83^\x9e\xd6\xc3\xb2\xc19\xb1\xe5\xa0\
O\xdaOK\xfc<\xaa\xb6\x02*\xe5\x88q\x14\xba\x15\
\xbc\x12\xf9G\x8e\xfaIp\xe3\xd9\x1b\x9a}\xf9\x91\xa0\
\x05\xb3S\xe9\xd9T#\xb3\x96@\xac\x93_Uv\xce\
s3\xc6d\xd0\xa7\x8a\x01\xf1\x08D\x06\xac\xa3A7\
5\xfb\xd6\x1d\x97\x8d\xfd\xa0\x19\xc6W\xaa\x19\x0e\x04\xbd\
\xd9\xc1'\x09\x1d\x85\xdd\xd5\x12\x0c\x80\x09\xb1\xb3\xc4\xd4\
\xe1JVN\xcdl\x0aBo\x93\x9f\x14W\xb4<\x85\
d\xce\xa7\x8e\xea\x5c^$\xcd\x14\x0a\x08\xc5\x9a\x1e\x07\
\xdd\x80|~\x8c\x5c\xa9\x10\x1f\xee\xee\x0d\x83O\xf6\xf6\
\xc5\xd9\xcf\xe1f\x84\xeb\x7fG\xf1\xfai\x1e\xfeLd\
tn\xcf\xc6\xb0ix\x04\xe8\xae\xc5J\xa9\x1a\x82\x9a\
\xa1\xc1f\xdf\xe0t\x0fg\xc61 \xdf\x00f\xc0\x1a\
\x9f\xd5\x1d7\xee\xda\xfd\xfc\x82\xdb\xb8v\xa8w\xe4\xb6\
\x10\xf4M7}\x92\xa53\x10'\xc9\xea\xb5J\x7f\xbd\
\xb8')\x82t@\xba'\x99\x1ad\xf2\x86'?\xe4\
>yw\xe8\x00\x03V\x8495\xb9\x15\xdc\x16(\x05\
`*\xc9\xb1\x22\x15YE\xee\xf4O\xad\xf0q\xcc{\
\x8d\xff\xcf3\xf4\xfd\xf4\xda\xb9\xb37\xde\xfa\xb1\xfe\x1c\
\x88\xb7\x80\x19H\xf7\xe4\xd3\xc5u\x7f\xa4h\xf3\x94\xca\
\xbc\xd8\x8e\xa7\xd5NDO\xacJ\xf3f\xfa\x18\x90\xaf\
\xfbC\x0c\xc4\x1b\xfe+\xbev~\xef\x10\xbb\xf5\xae\x86\
\xf0U\xe5\xd9\xafc\x9d\x81\xf8\x11v\xa4h\xc7^\x06\
V(\xdb/`\xd2\xf6<\xb9\x14k\xa59\xd6\xa8\xb9\
\x87\xbexG2=\xc7\x9c\xda\x5c\x0b\xd6\x95V\xb73\
#)\x96Q\xb6\x08\xda\x84\xb4\x0a\xf3\x0f\x9b\xfa6\xfc\
\xfb\x1d\x7f\xbc`\xb4\xf8\xf7-\xf5\x12o\xf8\x03\xd80\
\xbd\xa3OT\x88\xc7\xb0_S\x0f\xa7\xa9J\xc8\xf7c\
\xd3=\x92\x19\x8f\xc4\x9d\xc5\x9f\x0cx%\x80\x9d#=\
\x0f\x5c\x02\x5cr\xc2\xc0\xa6c\xa2\xf84\xe2\x18\xc3\x8e\
\xa0nA\x8e\x1d\x8aZ\x97\xb4KO2\xcd\x86\xea\x9c\
\x14\x07\xcczv8\x8c\x89\xb9e\xe2nJ\xcd\xd8\xfa\
\xb8\xf4\xe6\xca\x96~2vS\xf0\x04\xe8F\xc4E\xe3\
\x19\x17\xde\xf8\x99\xbeA\xd4\xd6\x83<e\xacw$\xb2\
\x1f\x9f\xee1l9\xad\xb8[2\xe8\x9d\xc8\x0b\xd6\xf8\
\xca\x81\xd9\xd7/>{\xf0\xd7\xbb`1\xe8=\x92O\
\xb6\xd9\x0b4oB\xff\xa4\xa5@\x97v\xea\xadF\xab\
\x12u|<\xd6\xdc\xa0\x87\x06\x99r\xcd\xb1\x935\xdf\
\xaa\xb4j\xc8\x8b\x13\xb9\x8bt\x97!\x9b\xfbQ\xb8Z\
p\x19\xe6\x96\xddf\xf5>s\xfd\x85\x98\xcfL\xf7\x80\
\x13[\x82\xe1\xb1\xda(\xc5\xb5\x94\x04\x95\x0czM\xb8\
\xa9\xb7\xbfy\xf0\x1e\x5c\xb7\xc3\xbdc\xb7\xe71?4\
\x88\xc5\xc6\xef(\xbb\xbe\xedT\xeaRD\xec\x80j3\
\x13;\x9e\xe2!:\xef\xca'\xff.mR\x0d\xfah\
\x8c\x01\x85*\xe4\x9e&\xc6\xaf\xce\xc46*\xa2Q&\
<&s;\xf0=\xc1\xa5y\xd0\x83;/\xe8Y7\
t\x1f0\x1b\x1f\xf3\x07\xf8\xd1Z\x84p\x13\x01=\x12\
[\x12\x01\x9dO9\x19\x1f\x9d\xeeq$\xb6\x90?\xc6\
\x9c\x87\x9e<\xa2{h\xd6\x1an\x9a\xf7\xf0\xa6[\xc7\
Cv\xb1\xa5#e\xbf]\xe6d\xdb\xbb\x14\xf2\xa5\xce\
)\xda\x22WF\xa8.\xd3\xb2\xb3(\xf3\x0f\x8d\x9a\xcd\
F\xcd=te\xce\x1c\x99\xab\x1aU\xd7v\x22\xc6U\
\x1f\x0cdr\x8b\x00j\xc8\xbe\xd3\xf2?`.\x11z\
\xb4\xe1\x9e|\xb7\xd7\x04\x8fn 6\xfb`\xf9\xa7\xd2\
\x13\xaf\x13Q<P\xbec5X.\xe5)]\xbeo\
\xbaG\x92\xd8B$\xee*\xe3{\xaf\xfb\xbf\xe4?\xfe\
\xf3\xd9\xf1\xf0\x7f\xe2\xa1\xc6\xb3c\x0f6\x1c/\x02\x8e\
\x00\xce\x90\xf9\x90a{\xe1X\x8a\x11g*o\xf6R\
\xe9\xdb+\xa7\x94Tk*\x8b5\xf5\xd0\xcb\xd6\xa9\xd9\
\xb2\xa1\xd0\x14s\x9c\xea\xd0_9\xad\x98zi\xc9\x8b\
?\xe6\xc8C\xb2n7\xfcC\xeep\xe5\x93s{\x9f\
8j!\xa2\xa8XHB05&\x04?\x10s\xa2\
\xd4\xf9\xed\xb4\xca\xe5\x1c\x1dyh\xba\xc7\x92x\x85H\
\xdc\x06\xf0\x9b\xf8\x16\xbb\xb9\xef%\xdda\xee\xe3\x0c\xee\
\xba\x80\xab\xfa\x87\xb8\xea\xb1\xd5\x83_\x13\xe1\xbd6\xbf\
\x86\xb4P\xd0\xdbj\xaaUI\xcb\xa6\xa8\xeb\x96Q\x9d\
\x81\xec\xbc1:\xf9\xda\x1e\x93\x1br\x97\xb2 \xcf)\
]\xcb\x8e\xdf\xa4:\x82v\xc9\xc6\xf2`D\xd1\x89\xef\
Q\xa4[1\x17\xc4\x10~\xb8\xfe\xb9\x9e5\xab\xb6\xc3\
{\x14\x86\xdc\xcb\xcfT>]CNl\x1d\x1c\xba7\
*\x1f\x7f\x16\xbc\xd3t\x8f\xe5\x17Q\xec\xe5~F\xa1\
kh\xba\xc7\x92\xf8\x15\x90\xb8\x1f\x226o\xbb\x88\x00\
\xc4\xeb\xe2\xac;\x16u\x0d\xad\xea\xce\xf5o\xc1~\x87\
\xc5\xdb\x04\x07\x19v\xa0\xaag\x87r\xafR2\xec?\
\x8f\xa2'\xba\x90\x9a\xa3\xea\xad\xa9\x87^\x92\xa1\x00\xcc\
v\xd1\xf8#\xbd\xed/\x87'\xee\xc6\xcb\x04\x8a\xca\xaa\
G\xe0a\xac\x1f\xc9\xf1\xa2(]\xb3\xce\xfd\xcf\xaf\xfa\
l)!8\x80\x1e\xfeC\xc5\x87\xa7i\xd8\x89\xadK\
\x9ey,4\xfd\x88`':;\xec^I\x0e>\x92\
\xf726\xdd\x83Il\x05$.\xa2\xdaW\xcc-\x9f\
\xe9\x1f\x07\xee^\xb2\x8c{\xc7\xc3\xd0r\xa3\x93\x05o\
\xb69\xde\xb0\x8b\xe4\xc0D\xe4\x10\xca\x22\x9b\xce\x9d\xb2\
\xd3E\xd9\xc4\x087{{\xd7\xc7biO\x1e\x93{\
\x87neQ\xb1!\x14\x81l2\x7fV\x8d\xa9\x8cx\
\x84\xf2\xbc[\xc89=\x0a\x5c\x04:\x1f\x85\xdb\xae9\
\xab\xbfM^\xb34\xf7I\xd0c\x9bBy>*x\
\x10\xb3\xa8\xd37G\x17\x92\x96\x0f(\xcfG\xa7{,\
\x89\xad\xcc\x80\xccY\xc5\xd6\xb2b@9\xf0\xb3\x13\xce\
\x1e|\xc8\xd6\xc5\xc8\x07\x0b\xbd\x13\xf36\xe3\xdd+A\
\xe9J\x96\xb2\xed\x86\xbds'\xefTRI\xf4Y\xcd\
\xd1\xd1\xb9\xf5\xf6\xd0M\xde\x83\x8b\x90p\x0a\xcb\xbc\x88\
\x89\xe23\x1c]\x5cQ\x05\xe0a\xd9\x97\x04\xfbK\xb9\
t\xdfc\xee\x1e}\xd4\xd9\x0b\xc2\xe9\xe9Qn\x93\x8c\
\xbbi\xb1ZU\xdf\x93\xce}\x9b-\x8c\xc5j\xe5\xb1\
9\xdd\x83IL\x02/\xc8}[\xf9\xb9Y\x91\x01?\
\xb9\x8f\xc6\x9e\xda\x95\xfc\x1a9\xfe?Q\xfa\xb8\x15\xde\
-\xbc\xb7M&1\x8e\x15\xc0Uv|\xe7\xce\xe0\xa9\
\xa2\xcc7\x90\xdcl4{j*\xfdZ\xe8\x87\xdbY\
\xe8\x07\x85\x22*S\x07=\xcb\xa9\xc2e\x87CE\xa0\
\x89\xd4\x14~\x10\xfbo\x91\xde2\xbc[\xff'\xe8\x9d\
u\xc7\xd8.\xfd#\x8f\x9e\x95\xe5\x0c\xa4u\xb1\xcdc\
\xcb\x8e\xd1\xe6\x01[.\xd3H;\x94J\x14\x9c\x07\xe5\
\x18Kw=\xb1\xad3 ?\xf0\xb9\x9e\xb8\xeb\x01}\
#\xab>9\xfb\xa1\x91\x9eY\x7ffgo\xb2\xc3\xe7\
$\xddhk\xa4\xb8VW\x13c\xdb\x9e\xf1m\x5c\x0b\
\x95\x10l\xf2\xbeyx\xb2\xdb\x0cOns\x16\xc7Y\
\x12\x99-\xa5\x8c8(\x0c\xb9(\xa3\xeaQ\xd6\x08\xf2\
\xfd6W\x80.\xa0\x11\x7fr;\xbd\xc3\xfbC\xb6\xf2\
O\xc8\x91\xcc'\xa6{\xcc\x89\xa9B]8\xe4<\x8d\
\xbd\x1e\xd8\xbeCkC\x5c4\xf7\xe0Y\x99\xa7\xe5N\
>x$&\x83\xe5g*bk\xcf\xf9\x84g\xf6\xec\
~8\xac\xe6\x0b\xbb\xac\x1d\xfcw\x82N\x06\xbd\xd3\xf6\
\xa1\x88\x05\x98F5Y\xda2B:m>O\x15\xe3\
\xcf?X\xe7\xf6\xa9\x80P\x7f!N\xd0\x89\xfb\xd2\x94\
RJ\xb3B\x99C2*\xb8\x03\xf9\x87\x11}O\x8e\
\xf7\xce\x9d\xdf\xbfa}?\xf04\xdc\xfaQ\xe5|t\
z\x07\x9c\x98b$\xf7\x0cl`\x5c\xd9SH\x0f\xd9\
\x9e\xa7B\xb1k\xbaG\xb69Ep)b\x1e6<\
\x15\x9d\xbb\xe3\xc6\x98\x98|$\xdfb\xe7\xfb\xfc\x10\x01\
\x1aa\xd6\x83\xab#?;\xbc1|Y\xcc\xc3\x91\xd8\
o\x02\x1f\x0f\xbc\xc6v\xa3H\x9f+\x1b\xc3\xccLc\
\x90\x0f\xeeP\xf3\xe6,r\x9c\x15\x15\xb2\x19h\xcf'\
\xa4t\x0aA\x86\xf2l\xaah\xfb^\x89o ]b\
t\xdf\x9dY\xef\xa67,D#\xeb\xf1\xc2\xb9\xf8\xda\
\xdf\x99Y\x0f*1\xc15\xe7\xce\xd1\xe2\xbf\x18|\x1a\
\xb8\x0f8\xac#=tU\x09P\xdc\x8f\xf4\xccu\x9f\
\x9f\x9b\x9a)\xceT$\x1e(\xe5\xa7\x97\x0c\x14{\xdc\
N\x07\xf6=\xf6\xd8\x13cOt\xad\x8dW\xc7\xe0\xfd\
C\xd4\xc9\x92\xcf\xb49DE\xeaE\xa5\x1a?\xf1M\
:k\x86oeZ\xcb\xa3y\xd7\x0fk\xee\xa1Sy\
\xe8\x9d\xb6)M\x22.[\x9e\x09\x15\x22K\x08K`\
Fm\xfe6\xc0?\x1a=\x9a\x89\xb1\xab\x9b\xbd\x9a\x93\
\xe1F\x1f\xbe\xf8\xc33\xe6\x11%^\x86\xf1O!\x89\
\x8d\x86\x87\x05U\xc1\xaf\xd5!.\xb0\xa9vd\x19\xfc\
\x90\x89\x9b\xf8\x14\xe2\x7f$\x83>\xd3YQU\xdc\x5c\
`\xdf\x98w\x9b\xbbx\xee\xd0]\x07\xaf\x9b\xb7}v\
3\xf8\xeb\x84\xf8FG}R\xe2PU\x15O&\x96\
:\x98\xc5-\xf36\xaaBWj\xf04\xb9\xa6\xc6\x1e\
\xfa\x8ek\xac\xf8\xa5\xc1Y\xb2B\xe7\xb9\x19\x93@K\
\x1a\xb1\xaaR\xc0*:\x91\xaf\x93\xf9\x91\x83>w\xed\
g\xfb\xef\xa5\xfcg\x00H\xde\x08,\x9f\xae1':\
\x8b/\xe0\xf0y\x8d\xe5\xb9\xee\x06?k\xb4#\x93~\
\xe8~\x05\x14}6s\xe35\xc0*\xe5\x1e\xe5\x0b\x98\
\xff1\xdd\x03Kt\x0a\x17\xbe\xa7\xacM\x07~Z\xec\
s\xa3H\x8f\x00_=~`\xe8<\xe0\xbd\x16\x9f\xc0\
>H\xa2\xafpy\xaa\xd41\xaa\xaf\xddv\xccEU\
\x84,7\xa7\xe2eMN\x96;\xb0\xe8\x12$\xd4o\
\x91m;\xef\xce\xcbP8R\x85\xac\x9b\x89\x96\x85\xfd\
\xac\xed\xef!\x7f\xc8\x8d\xf8[\xd76\xfb\xeem\xfd\xfb\
I\xcetL\xd4\x93\xa5\xcb\xf1\x82\xfd\xfa\xc7\xb1\xef@\
<.\x1buPqH[\xff\xad'\x08\xe1\xae\x85\xab\
f7\x97\x9e\x99\xbc\xf3\xc4\xcb m\x96_q\xcd@\
\xff\xc6k\xce\xea\xfbZ\xb3\xd1<U\xf0\x09\xaco\x0b\
\xeeG\x8c\x94]\xde\xdc\xfa\xb5\xad\xe0VZ\xe0\x94\x94\
wN\xda\xe9\xff\xc9\xa7`6\xcc\x12\x84\x8e\x89\x19N\
\x16\xc5FWj\xafk\x83\xccm\x88\xafGs\xf9\xe8\
\xae\xfd\x8f\xdd:\x02<7\xdd\x83Lt:\x0f\x16\xd2\
A\xea\x12\x8f\x83\xee\x16>\xd4(j\x12\x0f\xde\xaf\x08\
;ZD\xcc]\xc0ck\x0e\x9c\xb8 L$\xb6\x94\
\x1b?3g\xd3;\xff\x95\x7f{\xea\xbe\x91\xef52\
\x1f\x0b>\xd5\xe2d\xac\x03\x85\xfb)\xe2\xf0\x11\xf8\xff\
\xd9;\xb7\x18\xbb\xaa2\x8e\xff\xfe\xeb\x9c\x999sf\
\xda\xd2\x0b\x94Z4\x08M\x05b4\x18\x04\x02Fc\
\xc2\xc5\xa0>\x19\x8c\xe2\x13^\x121\x98\x98 \x110\
\xda\x81\xf0\x00D_HH\xbc\xbfH\xfa`\xb9\x04\xf4\
\x05R\xa0A[\x0a\xa8\xdcJi\xb5\xdc\x91Zz\x01\
\xe6\xda\x99\xd9{\xfd}\xd8\xfb\xcc\x14b\x04K\xf79\
\xdd\xd3\xf5Kf&393k\xcd\xcc\xde\xfb[\xeb\
\xfb\xbe\xf5\xff\x87\x85\x92\x86\xb7k\x1e\xd0\x87'\x10\xd2\
\x10\x1d\x89\xc0\x05\xf1oy7e=Q\xce\xcbh\xfe\
,\xf6\xef\x8c\xee\x9fy}\xf0\x9f\xc3\xab\xf04\xc0\x95\
\xa4N\xe0\xc4{\xf2\xd7\xdd\x80\xf1\xa7\xd48\xd0\x0a\xf1\
a\xe0\x8b\x88\xe1Rd\xa6w\x17PG\xb9[\xe4X\
\x13\xc2\x0f\xf7\xb7\xf4\xd6\xf4\xf9x\xcby\xc0\x0d=\x9b\
Y\xa2v\x14\x97qh\x9a\x83'\xb6\xc6\xd7.g\xe3\
\xee]\x93\x8fy\x96\xf5v\xbcHA\x17\x1a\xce\x02\x96\
\xc8\xe4\xe5\xfe6P\xdb \x22\x17\xba\x8a\xca\x0f)\xb5\
V6Ze+\x7f\x0f#\xcb\x03X\xe1\xa8\xd6\xc88\
<:I\xf6X\x18\xa7(\x13^o\xf9\x9bX\xbf\x9c\
^9\xb8\xeb\xc9\xab\x89@\xfc\xfbw\x94\x82y\xe2\xfd\
1\x22>\x03\xb4\x19\xc8\x11[\x11/\xcb4\xcb\xbc{\
\xefn\x22\xe1B\xd6PM\xe4\x17\xa2\xf4\xe8\x8a\x93\x07\
\xf2\xd5\xff\x22\x95\x8e\x12\x87\xc5\xdd_\x93\xd7\x16\xc7\xb8\
b\xdfl{\xb4\xdf\xedg\x8do\xc5\x5c\x1e\xcc\x95\x82\
;\x91f\x85\x82!\xda\xc4R\xa3\xa6^\xc1d\xbeL\
5{\xc8W*\xa3\xb2\x1dz6\x81\xfaa\xc0ZP\
\x22\x80\x9d\x8bI.\x84a\x22\xe6\x8d\xa0x\xed@3\
\xde\xb5eb\xd1\xc4T\x1fb\x0f\x915bS/g\
\x9a\xa8%\x7f\xb9^\xfe\xcae\x06\x06\xb7\xed>}\xf2\
n\xd9\x9f\xb0\x15\xc1\x8d\x9ee\x1f\x0b\xb7\x81\x08\x0e\x12\
\xf7\xacznp{\xdc\x01w\xae_x+\xf5D\xf7\
8\xc4\xea9\x02\xf1\xf3\xd7\x9be\xa7\xb1{\xd7\x01\xd6\
/\xdd3vo\xa6\xc6\xd9\x11\xbe+\xb8\xd8hPs\
mJFu\x89*s\xb6[\xe4\xec\xab~\xb8\xca\x02\
\xfa\x92\x01\x98\x9aQ\xbf\x8aT\xc9\xd1\xff\x87\x7fo:\
\xed\x0d\x85\xa4!\x1a\xb3\xfc\x80\x83n|$\x1bz\xe2\
\xdc\xe7\xd1\x97Fa\xc3\x86\xea=o\x13\x0b\x9b\xfdk\
\x01\x90\xf2\xc6\xdd(~\x03\xbcV\xc5s\xac\xeb\x0a\xef\
\x06\xab\xb8\xea\x9b\x96v\x98p\xf7\xfe\xb5\xa9v\x9e8\
\xf2<\xb4N\x19#\xe6\x93+\x09\xcd\xf3\x17Ml\xba\
\x80\x07\xcf\xbf\xf9\xc0\xa3\x9e\x19<Sp\x19\xf0Y\xec\
S\x84Z\xd4!\x98\xc3\xdc-k\x91q[\xf5\xe3U\
\x96r\x9f\xce\x90M\xbf}\x944\xf4|0\x8alO\
)I/\xb4Gp\x1b\xf0\x83\xd7\x1f\xd5\x93\x00[?\
\x0c\x1b6\xa4\x1dK\xe2\x83\xb3iD\xdegx\x9b\x81\
g\x90o\x91\x18\x9b{|uS\x1b\xdb\xb6\x5c\x1e\xe0\
\x10\xa3A\xdc<\x96\x0dl\xdb\xc7!\xe7\x8e\x13\x89#\
\xc9\x88x\xea\x0a\xc5\x8d\x17\x14{\xdb\xcd\xdf[61\
\xba}ps\xe8\x0bWa\xae\x04\x9e1V\xd94W\
\x0b\x8a\xc4\x82\xb33w\xc3\x99\xbb\xab]\x88T\x16l\
g=\x06\xd0_t)\xd6\xfc\xde\xf7\xbcd\x97\xc5>\
\xc3-n\xe8\xe7[~\xd2~\xf5\xe5?\xb6\xcc\x88\x92\
\x95i\xe2\x88\xb2M\xc45\xa7\x11\xb0\xfe\x00\xba\xcbs\
\x0f\xb0\xee\xd4\x11\xe7\x8c\x00\x8b#\x96\xb9\xad;\x1a\xf2\
\x1dkN'l\xa3z\xc5\xab\xc41Ni\xf0\x05\xb0\
h5\x9cx\xea\xc0\xc1\x18\xd9e\xf1v\xb9\xe3\xad\xc7\
\xf3\xb6<\xeb)\x94\xad9\x00k\x0eT;\x5cuM\
q\xf9\x10@\x9f\xb0j\xed\xc5T\x9c\x89\xb4\x8av\xf6\
\xcc\xf6\xb5\x99\xf8\xc5\x96\xbeV\xe9O^\xe7_.q\
\xd42\x22\xfa\x02\xf1I\x0fL\x18nBz\xa8\xbc\x93\
\x8a\xfd\xb2+k\x94\xebh*\xa84\xf8\x15\xe6A\x89\
[\x1e\xcfZ\x93}\x81\x98\xdc\xff\x12]c\xb18\xe9\
\x1c\x00$\xf98\x99\x13J\x8b\xf1\x9a\x5c\x84\x9d\x89*\
\xe3\x12\xe0\x92jG\xab0\x1d\xfe\x16R\xf1\xec\xa9\xb3\
Xo\x99i\xb7\xa5\x19\x14\xaf{\xc4C\xbf},\x0e\
\x1e\xe4G\xa9{=Q-\x1b\xbe*&\x08qK6\
\xb8\xd3\xf8:Y[-Y\xf6\x0c\x1d}\xad#\xcd\x5c\
\x86\xdd3F\x16z\xc4\xc1?\xde\xec\xc1\x7fL\x12\xe2\
!\x8dL\x89DWxcG\xf1\x16\x14\x16\x83V\xc8\
u\x92\x89\x9d\xb3\xe4\xca\xf6\xbe\x8c\xf6\xbe\x5c\xd3.\xf7\
B\xf0\x95|^(\xa7\x96\xb8\xb4\x07\x8a\x98\xdf\x9bp\
+\xeb\x98K\x05%\x12\x953Rl\xca\x1f\xa1\xfd\xf8\
\xf97L^\x81\xb9\x06\xe9s\xd8+(v\xd1\x1d\x07\
S}\x00\xfd&3\xbf-/\xccW\xa4\xb7d?\xe0\
\xc8M[.n?\xc3\xb9IK!\xd1\x1b\xa6\x96\x02\
\xa0\xbe7\xbd\x04\xe8+\x8f\x097k\x91\x1d\x9d?k\
\xd7\x952Ue;\xf4\xc6\xc0 \xa0\x8c\x8e\xe1b-\
1\xe0\x08\xde\x89\xf8\x8d\x1a\x9a}\xcfoI$\x8e8\
\xc5\x83kxs\xfb)\x11\xaf\x22r\xb5\xd1\xfd\x86}\
.o/\x95\xba\x08\xe5\x83\xa3L\xc7\xbf\xeb\xd6\xeb\xf8\
\x0d\x94\xed\x9d\xb88\xdfK\xa9\xb6\xa9\xe2\xf4\xc6>\x8b\
\x8dr\xbc6Z?\x0c\xab\xdb\xcfpO\x0a\xe6\x89\xde\
\xd1\xde\x07\xed\xfdD\xc3qtt\x19jR\xc7-J\
\xb5 \xc8\xbb1^e;\xf4\xc6LF\xeefD:\
\x1aM \xdf\x0f.\x95\xf5s\xac\x07$\xed\xdc\x9c\xb5\
\x16\xc8\x09\xbcD]\xf9\xd0G\x87w\xefy!_\x9f\
1\xb3\x15\x85\xb3\xc0\xe7\xc8\x9cc\xf1q\x99\xe1y\x9b\
\x8b\xc2!\xa8(6\x96\xd7l\xe9\x1a$\xcd\xbd\xa6\x93\
k\x1a\x03\xb6\x81\xb6\x22\x1e\x13\xfc-\x8e\x8f\xbet\xd2\
\xa7W\xc5\xd1\xc5\xc0\xb7!\x19\xb0$z\x82\xcd&\xe0\
\xa2\x9f\x11f\x0fjy\xe9\xad^\x9f\x90R\xa4\xa7e\
\xd7<\xa0\x87|\xc8Y\x98\xce\xe4N*\xaf^\xb8h\
m\xcf-\xed\x85\xf8h\x9e\xe7c\x5c\xde\x82\x91^\xcf\
,ql\x22\xee\xbb\x0f_\xfa-\xfb\xe1u\x0d\x1d\xff\
\xc4\xe0\xf3\xa7\xfe1{\xa9\xa1\xecO\x91\xb0\xccav\
y\xb0N&\xea4\xec\xd5B\xab%/\xb2i#\xf7\
\x95?dF\xf2\x14\xd68\xf85\xa4\xd7\x90vD\xe5\
/96\x0f\x84\x10\xf7[\x9e\xdeuI#\xdf{\xe6\
*.\xdd\x80\xef\xfbB\xdd\xee\xdc\xc4Bdrb\xaa\
E\xe0\x04\xa1\xa6A\xf5)\xe3\x16\x92\xb5\xddJ\xb9W\
\x16\xd0\xdfl7\x18:H\xce|\x9b_\xad(\xeb\x91\
\x11{\x8f\x14vn\xff\xd5P\xbe\xf8\xd7x\xb4\xd7\x13\
K\x1c\xd3\x94Mi\xde\x0b\xec\xb53h\x8e#\x8d\x03\
\xaf\x00O\xcc\xbf\xd2\x22\x027\xf0\xce\x03>?\xa5T\
\x86\xf8/} \xef\xd2\x9aN\xb6\xbe\x89^\xd3\xba\x11\
\x00e\x8d\xbc\x15b8AR\xa3\xfb\xf2J\x87\x89\xe7\
m\x10\x82\xc9\x8e?\xa3S\x0a\xab\x8e\xca\x02\xfa\xc0$\
F\x9a\xa2\x90H\xad\xcb\xbf`\x9e\xe2\x1cn\x90\x990\
\x8c\x9e\xfd}\x02\x90o\xbc\xa6\xd7\x13K$J\xfeg\
\xf9G\x1dI\xa7w>@F\x0e\xf7\xe7%\x12\xdd\xe7\
\xcb\x1f+>\xbe\xbe3\xb4,Vb\x9a\xb5\xd9\x9d\xcf\
\x1d\xaf\x13\xc8]\xe9\xbf\xaa\xae\xcb\x1d\x1c`<\x9aX\
\xcb\xe7Dq\x0a7 \x0ebf\x96\x9eR\xdb\xce\xbe\
D\x22\x91\xa8%\x13{\x80\xa2\x06\xdd\x02--\xba?\
k\x13\xd2K\xddWgX\xf5\xb6O\x9d^\x82\xfb\xc6\
\x98\xc05U\x95*\x0b\xff\xb6\x0eJ\xeaJCC\x22\
\x91H$\xe6yn?\x00^\xa50$\xc5A[\xb9\
D\xa3\xc7\xd3\xfa?\x10\xe0\x0cy\xa6\x1b\xa3Uvl\
\xed#+q\xb4&\xa5\xe2,zU\xe3T\x85\x8b\x95\
`\x11\xd4\xeb\xb1\x1aL$\x12\x89\x05\xc5\x8b\xc0\x8b\x85\
u\xea0V\x9bR-\xb1\xd7\xf3z\xdf\x14u\xf4\x19\
\xab;G\x9e+\x0b\xe8\xf7~\x1d\x13<^\xd7\x1d\xba\
\xac\xa2\x8c\x1ei\x85\xbcN+\xc2D\x22\x91X \xac\
C\xe7.r\x08\x81\xe5\x86v)\xf9Z\x8f-\x96\xe7\
\xdc\xd6f\xc0\xb3\x1b\xb6\xc3\x86\xed\xd5.F\xaa\x93~\
\x95\x08\xf6\x84E^\x8f\xbf\xfe\xbb(\x14kM\xa0?\
WlL\x8f\xc1\xf4X\xaf'\x95H$\x12\xc7\x16\xf9\
\xc4d\xd3\xf6\x0a\x89!\xd7%\x98\xc3\xfcL\xe5\x0c\xba\
\xb3C\xaf\xac\x86\x0e`\x18\xc5\xe4\x94\x9a\xee\xf5\xc2P\
(o\x05\xa1\xc6\xe8\xab\xd4\xc5\xdf'\x91H$\x16\x06\
\xf7@\x035\x80\xe3\x81v\xedNK\x01\xa0\x99\xe0\xb0\
\x10\x02\xba\x0eH\xce\xe6\xc4\xabj\x85JIk\x9a\xb6\
\xfa\x86O\xec\xf5|\x12\x89D\xe2\x18\xe3IT4\xc1\
i\x85\xedA\xd5\xc6\x94e\x0ecfsS\xe3\x1a\xba\
K\xcb\xa6\xd88`\x93\x09\x99\x9a5\xc6y\xde\xa5\xb2\
\x15D\xfb\xe9\xdb\x89O\xdf\xde\xebY%\x12\x89\xc4\xb1\
\x85Ch\x02\xc3P?c\x10\x15\xef\xa6\x1b\x8dx\xb0\
\x1b\xe3Uh\x9f\x8a\x02q\x0a)\x07\x87\xbau\x8a\x0b\
u\xe4\x05\x87\x8c\x97\x9e|a\xe4\x95?\xf7zV\x89\
D\x22q\x0c1\xa2(\xe7-\xec\xa5RG\x1a\xbd^\
\xd8\x9eDq\x8au\xc0\xbaj\xc7\xaa2\xa0C\xd3\x99\
\xcc^\x8b\x86j\xb6\xb2\x02\x0a\x17ti(\x12\x8f\x9f\
\xea\x1foP\xbfF\x80D\x22\x91\xa8-g\x8c\x18\x11\
\x06%-s\xfdD\xc4K_cM\xc4\xc6\xc0d7\
\x06\xac2\xa0;\x0f\xd9,\xb0\xa7\xb6q\xb0X\x0d\x0e\
\x8b\xb0\xb29\xdb\xdf\xe4\xde^O(\x91H$\x8e\x1d\
\x86\xfa\xc7\xb1\xbc\xd8\xb0\xac\x86\x8dX\x00\x18OF\xe5\
Ss\x9fVH5\x01\xbd\xcc\x8dd\x8d\xfe\xcc\xe2\xdf\
\xa5}m\xedv\xe82\xc1v[\xf6\x09\xc1n\xf2D\
]W&\x89D\x22Q?\x06\xb3\x5c\xc1^\x0c,S\
\x1dw\xe8\xc2\xa0\xc90\x93\xe7\x5c\xdf\xf1\xfc\xaa\x8eJ\
S\xee\xc7\xad\x18\x98\x01^\xed\xa8\xa8V9VE\x14\
\xee\xd1\xd2q\x04\xf5\xbd\xf7\xcb\x13\x89D\x22qD\xb0\
\x95\x85>LX\x82YVfLk\x13\xd4M\xd1\x1b\
.{2\x80\xcf\xab\xba\xc4\x0d\xfc\x07\x00\x00\xff\xff\xec\
\xbdw\xbc\x5c\xd5u\xf6\xff}\xf6\x99\xdb\xd5\x0bB\xb2\
\xe8\x88\x22\x90)\x12U\x14\xd1\x1c\x8c{\x8cHl\x93\
\xc4%\x89\x9d\xfc\x1c'\xb6_;y\x1d;\xba\xe0\x12\
\xe3$N~\x89\xe3\xd8q\x12\xc7%\x89#\xb9\xe0\x86\
q\x01\x03\xa6c\x8aiB\x14\x81(\x92Po\xb7\xcf\
9\xcf\xfb\xc793\xf7\x02.\xc2\xa0;sF\xfb\xfb\
AH\x9a;\x9a\xd9\xa7\xed\xb5\xd7\xdak=k\xcf}\
\x81\xcd\x0f\xdfJ\x0a\xac\xc9\xaf\x83Kg\xd0\x0d*\xba\
L\xce6\xeey\xf9\xb4r\xaa\xdeE\x22\x91H\x19\x09\
\xd5 \x99\x89\xe0\xc9\xe5\xcbp\xaf\x85\x14\xd4g\xc4\xd0\
\xec=\xbf\x18\xd9s\x06\xfd.\xc4]`x\x22or\
\xb2\xc7\xbei\x8f\xa1<\xac\x10\x04\xfb\x09f\x0c\xf4\x8d\
\x8b\xbe~$\x12\x89D$g\xa42\x9e^\xca\x96\x1a\
\x96,dy \xc3\xe3\x22-\xb3\xe7\x84e.\x07@\
!\xf1f\xcc\xb0 \xa1\xde\xc3\xac,\xd4W\x22s\x9d\
yV_uD\xd8.krF$\x12\x89\x94\x09\x05\
\x02f\xff\xdc\x1ft\xc9\x84\xe2,\xe5\x82&\xfd\x02\xf7\
l\xdc\xf3\x11\x86=\xe7\xa1/\x06\x16ce\xdae\xf1\
4\x10\xca\x150\x01\xeae\x8f\x9e\xe6\xc0,%\xd1\x92\
G\x22\x91\xc8xQ\xe9L*\x16\xfb\x03\x94N%N\
\x024\x12\xa4\x9da\x9cF\xbe\xe7\x0c\xfay\x98\xf3 \
\xadx\x97\xac'\x8axI\xf9L:`\x11d\x1d\xd2\
\xe6\x10\xa2w\x1e\x89D\x22\xe3\x83\x1c\xda1\x07\xa8T\
\x91\xdd\x02\xdb\xc8\x03\x90m\x86\xd4S\x0e\xde\xf3_\xb9\
\xc7\xb3\xee\x86\xab\xdd;1\x8f\x9551\x0e\x00K\xc8\
\xf3wB\xcct\x8fD\x22\x91q\x22\x1dT'\xd2\xfe\
\x8c\xcd1+\x09\x06\xb0\x062\xd8Z\x95|\xf9\xea2\
\x87\xdc%\x96^\x04\x07\xdf\xc7 \xc1\x0f\x16\xda\xe8\xe5\
3\xe8\xb5\xcaAk\xe1\xe4\xa0\x09\x8d\x1eN$\x12\x89\
\xec=\x0c\xf6\xc8\x9e]>s\x8e\x85l\xb9_\x84-\
m!1S\xf6\xfc\x97\xeeY\x0f\xfdP\x02\x87B\x86\
V\xe7\xa2\x00\x16\xe5\x0b\xbb+\xcf\xe4\xf3\x81V\xb6\x7f\
\xa3\x07\x13\x89D\x22{\x0b)\xc9\xc1e\xec\xd5Y\xb3\
rB\x03H[\x7f\x96u\xc1\x9f\xed\xf9\xb2\xe7=j\
\xd0\xef}I\xfeK\xf6:\x8b]\x94q\x1f\x84\xda\xa0\
\xa5,\xe5\x8c\x06\x0f%\x12\x89D\xf6\x1a,\x1d\x05.\
_\xd1\xdah\xceX?\x99\x07_2\x95d<\xd6%\
{\xd4\xa0\xaf\xdc\x84Wn\x02R\xad\x93Y[\xf8\xe7\
e\xf3\xd0\xa9\x0dZp^\xa3G\x12\x89D\x22{\x0b\
2\xc7\x96K\x1f.\xc7`d\x19\xfa\x10#\xc9\xb6=\
\x9f\xaf\x06{:\xe4\xbe\x0cx\x17tt\xb6\xad\x07\xad\
-\xe1\x0ez\x81P\xde.\xee\xd4\xf3\xff4\xebh\xf4\
h\x22\x91H\xa4\xd5y\xf9\x9f\x18\xe4\x85\xa5\xdc\xa9\xb5\
\x85\x15\xb0we0\xd21s|\x0e`\xcf\x1at\xc9\
3\xfe\x8d0<2\xb2\xcb\xb0\x16J\x97\xd8\xf0l&\
\xee\x9a>\xb0\x10\xbb\xb4\x09\xfb\x91H$R\x06\x06&\
T'\xca:8\xb7\xe7\xe52\x1c\x92l\xc8\x84\xb6\x05\
kx\xe2\xbaV0\xe8\xc0\xa1\xed\x04\x99L\xf8\xa9<\
\x8d\x7fO\x7f\xe3\x9e\xc0`Y8dp\x16W\x00W\
\x94|i\x12\x89D\x22\xcdH\xe10\x0dw\xa4GX\
t\xca.]\xc8\xbdp\xf8F\x80M\x96\x87;&\xb5\
\x88A\x9f\xde\x8e\x913\xe0QA_\xb1\x85^.\xb3\
\xae\xb1\x9b\xff:\xed\x84\x07\xa8p[\xc9\x8e!\x12\x89\
D\xca\x84\xb2\x05\xe0P>k^\x8fD\x0f\x13X\xaf\
\x0aCO\xb4\xb7\x88A_u\x1eY\xb5\x92e\x0e<\
\x84\xb4\xb9(\xea\xde\xd3_\xfbb\xa3\x9a\x08,p`\
\xa5\xbf\xff\x10@\xf4\x96\xee8\x22\x91H\xa4\xb9\xf9$\
\xe2\x93Hx\x81\x8c\x5c6M2\xd77\xfd\x87\xc0\xeb\
\xd2\xae\xca\xe0\xfdg\xb5\x88A\x7fx\x9e\xbc\xdf\xbc\x09\
\x01\xf4\x14\xb0\xd9\xc6.\xd9~\x08`\xdb5O}\x16\
\x99\x16-\x01-)\xe1\xd21\x12\x89D\x9a\x16\x1bv\
B\xdbN\x83tt\x1e\xcf-W\xcc=o\xc9\x22\x90\
\x87\xc9\xb4s\xa4\xbb-,\xbc\xbeE\x0c:\xc0\xaa\xfb\
\x09\xc1\xee\x07?\x0d\x92J\xe8\xa1\x17%\x84\x19\xa6;\
\xc8\x0b\xd2\xcaH\xd2?\x9dr\xad\x1c#\x91H\xa4\x99\
\xb9\x0f\xb8\x10\x16%\x83s\xc0\xb3\xea\x91\xd1\x12\xb5Y\
\x93k\xfd?\xe8\x07\xef\x1c\xda\x08C\x1b\xc7\xe7\xbb\xf7\
\x5c\xfb\xd41\xcc\x9eD\xb6s\xa7\xfb@k$W1\
\x15\xca\xb4\xe4\x02\x8a\xee\xe8\x06U\x0c\x87\xa6\xa43\x93\
\x85m\xebN\xb9\x09nj\xf4\xd0\x22\x91H\xa4\x05\x98\
\x7fma\xbf\xed\xc3mM\x95J\xd6q\x1b\x18\xd3%\
|\xbb\xa4\xed=\x13\xc6\xcf\x83\x1d\x17\x0f}\xc7\xc9\xd8\
\xa2\x0f\xf40\xa6\xbf\xac\xb5k6\x92\x10f\x1e)\x07\
U\x1e T\x1eh\xf4\xa8\x22\x91H\xa45\x98\xde\x05\
\xd3\xbb\x90\xe0p\xe1I\xb8\x84\xea%\xc2\x18#6g\
\xb0}F;\xcch\x1f\x9f\xaf\x1e\x17\x83\xfe\xd8f\xb2\
\x91M\x9dU\xc4\xe3@?\xa2\x94\x85\xdc*\x8a\x0b%\
\xcf\x12>\xa0\xb2\x1a\xdf\xf4\x86\x92\xaeN\x22\x91H\xa4\
\xc9X\xb9\x11\xeeI\x008\xc0\xd0\x81\xec2\x85\xdb\x01\
\xe7\xfb\x03\xce\x8c6\x89t\xfb\xed}\xf8\xf6\xbe\xf1\xf9\
\xf2q1\xe8s\xd6\x82\x8fJ\x10<\x0d\xda\x8a\x1d\xca\
&\x14\x00\xe0\x5c\xfe\x07\xa3\xc9\xe0E#I\xdf\x94\xd7\
}{|\xcea$\x12\x89\xb44\xcb\xcc\xa6\x018z\
M\xdft\xc3~BI\xf1\x93r9\x7f\xf9\x1ez&\
\xb3\xa9\xab}\xc2\xf6\xf5\xef\xc1\xeb\xdf3>_=.\
\xc6h\x9f\x1e\xd8\xa7\x87\x0cX\x8bxL\x90\x15W\xa8\
T\x17\xaaX\x82H\xd0nq\x9c\x13M\xbb\xff~B\
\x09\x83\x0d\x91H$\xd2T\xbc\xe20x\xc5<B\x06\
s\x80\x03\x80\xc4e\xdb\x9f\xadm\x9f\x9b\x14\xd82\x94\
2r\xfa\xc7\x81d|\x0ec\x5c\x0c\xfa\xf7\x1e\x86[\
\x1f\xc6Y\x16\x9e\xc6\xacF\xa4P\xec2\x94\x0a\x09\x04\
\xb6e\x1d k\xff\x19\x0cTO\xbe9z\xe9\x91H\
$\xf2B\xd8\xb41\xff%k\x0ef\x0e\xaa\xc7q\xcb\
c'T\xcf\xb5\x1aD~\xc2\xb3\xc1\xb3\xc7\xef\xeb\xc7\
\xc7\x10\xf5\x8a\x05@\x07\x1d\x03\x96\x1e\x03\x0d\xe7\xfd\xdf\
\xcb\xe5\xa1\x03 \xe3\xbcU\xcb\xbe\x19\x9c2\x8c*\x93\
o*\xd1\x0d\x17\x89D\x22M\xc8\x1d\xdbPe\xc7p\
\xc5\xd2\x01\xc0\xe4\xdc4\x96on\xcd\xd7!\xda\x05\xe1\
\xf1m\x03x\xdb\xc0\xf8}\xf7\xb8\x94\xad\x01L> \
\xff}\xe3\x93Z\x85\xbd\x03\x98@\xc9B\xee9\xb5\xd4\
8:l\x8e\x07*C;\x18l\xf4\xa8\x22\x91H\xa4\
\xcc,4\xc1N'\x08\x8e2\xf4`\xd5\x9c\xbe\xb2\x18\
u\x8fF\xdc\xd9n\xb2\xc7\xef==\x7f}\xbc\x060\
n\xa1\xe2\xef^\x8c\xbf{1N\x87\xd3\xfbm6\xd5\
\xaa\xba\xcb\x89\x8a\xb5\xa3\x17dp\xf85`zK\x98\
\xe5\x17\x89D\x22M\xc2NHdO2>\x1c\xd4\x06\
\xa5\xeb\x84.\xb9&\x12\xc7\xf6\xf6\xack\x0d\x0b0\x0b\
\xc6o\x00\xe3f\xd0\xabm\xa2z4\xdcrp\xf7c\
\x88\xb5\xf55\x8bKi\xd6\x03`\x99C\x13e\x0b\x97\
\xce\x87\xa5\xf3Ku\xe3E\x22\x91H\xf3\xd0k\xd6\xc8\
U\xd0T`N\xe12\x95\x8bB\xa26\xd7\xc2\xf1S\
=\x0fj\xe4\x827\xe5}@\xc6\x8b\xf1M\xe6z?\
\x90\x81\xf0O\xebZ~\xe3x\xb0/*\xca\xeb\x0d\x91\
\xce}\xec\xc1\x81\xae\x15K\xc9J\x1cr\x88D\x22\x91\
\x86q\xe4\x0c\xc2K\x19\x94\xe5\xf9\x92\xf6\xa1\x08\x83\x96\
\x0a\xd5\x8b\xd0\x01\xdf\x7f\xc59p\xc59\xe3;\x84\xf1\
5\xe8o\xc5\xbc\x15#\xfd\x18\x9cB)\xd3\xe2rL\
@\xce0\xe7&d\x07\xf2%\xc4\x97J\xb7\xa6\x8cD\
\x22\x91\x863\xa3\x9b@ \x01\x16`O)\x9c\xa5F\
\x0f\xeb\xf9\xe1\xba@x\x06z\xa0n\xef\xc6\x91\xf15\
\xe8\xca/R\xda\xc1\xcd\xc0\xf6\xfc\xb5rZtIE\
g?\xcf\x90u\x0a\xab1\xabK\xbb<\x89D\x22\x91\
\xc6`k{\x1b\xa9;B\x87\xa4\xa3\x80\xa4\xc8#+\
\x99E/d\xc7P\x1a\x14~\xd6\x88\x114\xa4~\xfa\
\xe6\xf7u\xf5#\xddH\xa9\x12\x18\x9fCq\xed@\x99\
^\xb7\x90\x9d\x13YV\xc20Q$\x12\x894\x92K\
\xe1\xee\xd58\x19\xa8\x1e\xe6<\xc3].\x9bw\x0eP\
\x18\x04\xe3mB\xabj\x0e\xecx\xd2\x18A\x94\xbc\xaf\
\xf8w(y\xaa\xbb\xe4`kD\xf2\xf1\xed$\x07\x02\
.]\x98(\x12\x89D\x1a\xc8k_\x8a^\xfbR0\
Z\xa0\x5c!\xce*_J\x5cMT\x06\x89\x1b\xaf\xfb\
PgC\x0c[\xe3\x14\xce2\xae\xc1.y\xfd\xb6$\
9`M\x0c\x813\x8f\xfdBT\x8c\x8bD\x22\x91\xdd\
\xc6\xe6\xf2\xd7\xe2\xadw\xefl\xb78\xc5\xc6\xd4\x5c\xdd\
\x92\xe1\xd1=\xf4\x1b\x1a5\x86\x86\x19\xa0\xa0\xb6\xb5H\
\xb5\xe6\xa3\xa5u\xd3\xb1\x02\xd0m8\xad\xeb\xc9\x81\x89\
\x8d\x1eN$\x12\x89\x94\x86/#\xbe\x0c\xa94Kh\
\x09\xb2\xa4r\x869U\xd3}\x0d\xba\xb1Qch\x98\
A7\xe9 \xf6uF.\xb3=\xcf\x93\xfa\x1c\x84\x8e\
T\xca\x11\x8d\x1eN$\x12\x89\x94\x86\xa3\x80\xa3\xb0\x1d\
\x0e1>X\x90W?\x95\x11\x81\xd1\x16\x11\x1ej\xd4\
\x10\x1a\x17\x22\xb6R\xd0\xadPt$--\xaa\xd5\x1f\
\x1e\x02^\xb4\xf0\x0f\xa3b\x5c$\x12\x89\xec\x16\xc7\xe1\
\x97\xff'\x15\xe0l\xa4J\xd1\xb0\xab\x8cs\xa8\xf3\xae\
,\xdc[\xdd\x15\xfa\x1b5\x88\xc6\x85\xdc\x19\xb0\xf1\xc3\
\xa0\x87\x8dp9\x15\xe3`\xb4\x96\xbeGpj\xc7\xdc\
\xfe}XV\xd6C\x89D\x22\x91q\xa2\x98\xf2\xfb\xa6\
\xf5O\x01]\xa0\xfa.t\x09q~4\xb6\xef\x09\xdd\
#\x0d\xcb\x0dk\x98A\xbf\xee\x1f\xa68CO\x0a\xee\
\x16vI\xb7M\xea\x14\x82\xfc')\x0b\x07NTL\
\x8e\x8bD\x22\x91_J1\xe7\xa7!\x1c\x89\xbc\x9f\xad\
\x94\xd2\xce\x9dF\x90I\xba[\x0a\x0dS\x0dm\xdc\xc9\
\xfb+\xd4\xa6\xb0\x1d\xb1\x0aQ-\x96k%um\x05\
\xc6Bs\x11'\xbd4\x0c\x85\xa5\xcbc\xe8=\x12\x89\
D~\x19g}\x8a\x04\xb2%\xb6&\xe4\x15C\x8d\x1e\
\xd1\xafE1jm6^\x9d\xaa\xda\xb0\xa3h\x9cA\
\x7f7\x04W\x061\xf7\x01\x9b\xb02SR#\x98k\
\xf7\x02n\x87\xecU\x90un]]\xd6\x95f$\x12\
\x89\x8c\x0f\xc3\x9b\xfb'\x1b-\x02w\xda\x0a\xa5\xdc=\
\xcf1\xb0\x0a\xf1\xf8\x8e\xd9Y\xc3\xf4H\x1agt\xfe\
\x0e\xdf\xf6OI\x9a\x05\x1e\xc0Zg\x9c\x95V\x07\x96\
\xa2\xa3\x8e\xc0\xd2\x02\xabz\xc8\x9a\x97\x92\xe2\x92.P\
\x22\x91Hd\x1cp\xe0H\xf0!\x92\x84\xca\x9aGe\
\xe7\x99T~P\x19\x9b\xef\xff\x83I\x0d\x9b\xf7\x1bf\
\xd0_{\x08\xbc\xecsHd\xeb\xc1O\x80\x12\xb9\xcc\
a\xf7|\xd8\xb2\xf7\x91+\xbf\xd3\xb3\x06\x1d\xfb\x99\xe8\
\xa5G\x22\x91\xc8\xcf\xe3\xe4\x7f\xe8\x0f\x82\xe30\x07\x8c\
iSV>,0U\xc3\x1aB\xd6\xcfe\x8d;\x90\
\x86\x19\x9c\xcb_\x0b\x97\x1f\x8b\xa5d\xab\xc5M\x82>\
\x8b\xb4\xb4\xf6\xbc\xd0\xb3\xcd\xab.|N\xcf\x86\xbe\x19\
\xebw\x91-]^\xd6\xe3\x89D\x22\x91=D\xafU\
\xd9\xe1\x99\xc0)\xa0\x09\xe5l\xc6\x02\x80\x913\xa3\x0d\
H+\xabA#\xbc\xafqF\xacq\x1e\xa4\xc4\x82\xff\
\x84\x1d\xd5\xce!\xa1\x9f\x01}\x82P\xd6mt\x00\x5c\
\x08\xffY\x87!^q\xd8\x0cx\xba/z\xe9\x91H\
$\xf2\x0c\xee\x85\x0c\xe6b\x9d\x98\xcf\xf8%\x9d\xf7\xed\
<!Zl\xc0~d\xffy=\xe9\xd2\x15{\xa3A\
\x076\x0b6\x83\x03\xe9*\xe4\x07l%\xc8Y#\xc7\
\xf4\x82\x10R^L\xd9-t\x9e\xd6\x0cL|`\x13\
\xa67z\xe9\x91H$\x02@\xafu\xf2a\xfd\x89\xe0\
\x04\xe4\xb9\x94T\xbb=\xef\xb7\xa9\xa2\xe6\xdak\x09l\
\xa2\xc1+\x93\x86\x1a\xf4\xb5\xe0\x93\x8e\x80\x9ei\x95'\
l\xddV\x14s\x9b\xf2\x8a\xcc\x18\x14\xc0\x99\xd19U\
\xe9\xd8\xb9\x13\x09\xc7\xef[\xc2\x9b5\x12\x89D\xf6\x00\
g@\x08\x1d\xea\xb0y\x0d\xa6\xa3x\xb9ts\xbee\
\xd9N\x05C6w\x84\x90m\xbe\xf2||\xe5\xf9\x8d\
\x1bSc\xc3\xc1\xbd\xe2\xd1\xadh}\xd2\x89\xc4\xad\x82\
\x11C\xa5\xb4\xe1\x97\x5c5N\x12\xa9\xcd\x04\xc8NJ\
\x86\x06t\xc84\x1c\xf7\xd2#\x91\xc8\xde\xce\xec\x9fZ\
\x0f\xbd\x92TI\x98+q\x1cP\x9b\xeeK7\xe9k\
\xb4*k\x17p\xd7\xcc\xfd&\x0c\x9e{9\xecl\x5c\
\x92{\xe3\xf7w\xefz\x1a#,*7aV\x16\xe9\
\xff\xe5\xb5~\x02\xacDr\x87\xe1\xec\xf6\xed\xde\x7fC\
\x1faC_\xa3\x07\x16\x89D\x22\x8d\xe5\xf0\xef\x10\x0e\
\xff\x0e\x22\xcb\xdel\x98\xde\xe8\xf1\xbc\x00l\xdb\x92\xda\
l\xaf\x05\x1ez\xfc\x11x|uc\x07\xd5p\x83N\
\xaf<\xb9\x83\x90\xec\xd7\xb6\xcep[\xae\xa0\xa7r7\
lQ\xbe,\x91t\x18p\xf4\xce\xb5\xfd\xe1\xda\xd7\x94\
o\x05\x1a\x89D\x22/\x16K\x97[\xed\x13\xf0He\
`6\xf8|\xac\xa4\xe8\x84Q\xbe\xb9\xd1\x80\x94K\xbc\
\x8a\xdb\x02\xd55\xd9z|{\x83\xb7\x0e\x1ao\xd0\x81\
U\x9b\xf1\xaa\xcd\xd8\xe2[\xc0\x0e(\xe1\x86\xcas\x09\
\x989\xc0\x92\x9e\xd4=\xfcW\x09o\xdaH$\x12y\
\x91xr\x07\xda9\x05+\xf3\xf9FG(\xaf\x08*\
\xe9\xbchdB^\x94\xa5;\xd2\x09\x93\x06:\x0fC\
\xf46\xf6p\x9a\xc2\xa0\xaf\xdfEv\xda-\x04\x89\x1f\
Jz\x1c\x1a\xa6\x9c\xf7b\x91G\x19p\x1b\xd6\x09Y\
5y\xc9a\xabZa\x8d\x12\x89D\x22\xbf\x066\xf7\
^\x80\xbb7\xec\xec\x01\x9d\x87\xdd\x89T\xce\xecv\x00\
\xc9\xe0\x00Z\xa3\xe0\x9b\xee\xec\xc7w\xf67~\x8eo\
\x0a\x83N\xafx\xfa\x18\x84=l\xfbZP\x1ep/\
s\xd8=\x8f\xc9\x04\xf0\x09$>e\xd6\xac\xc1\x10\xa5\
`#\x91\xc8^\x87\xcd1\xefA\x87\xf5\xa2\xbe\xb4r\
B\x06g\x092\xeaM*\xcb\x87\xf3N\xaf\xc6\xac\xba\
't\xdf\xdd\x9e\xa0\xc1\x0f5^\xba\xbc9\x0c:\xf0\
\x93\xbf$\xdb\xe0\xc4A\xfa\x1e\xb0\xa3\xc4\xcaA9\xb5\
\x10\x83hC\xbc<\xcd\xd4\x93\xaf\xea\x22\x91Hd\xef\
a\xe1\xedPy\x13t\xcc\x1d\xe8P\xc6\x12\xcc$ \
+\x1c\x9c\xf2\xcd\xf1.\xf6\xfdMU\xf8\x07\x0bf\xa1\
\x05\xb3\x9a\xe38\x9a\xc6\xa0#\xf9\xe1\xa3;l\xb3\x0a\
\xfc`\x11t/\xb3\x01T}Qb\xce\x81\xf4\xc8F\
\x0f(\x12\x89D\xc6\x9b\x83W\xe7\xbf\x84\x0e\x15\x9c\x03\
nCJPI7VE1t?-\xb2\xcbWn\
\x829\x13i\x0aA\xb4\xe61\xe8\x00\xbf\x893\xb1\xc1\
\xd2\xf5Pb\xc5\xb8\x1a\x92\xb0@\x9e\x22\xe9\xad\x8d\x1e\
N$\x12\x89\x8c7+\xeeG\x8f\xaf\x1aj7>\x03\
\xf9p\x10.\xeb\xf6c.|F\x11]\xb8\xdb\x84\xc7\
\x0f\x1d \xac\xb8\xa89\xa2\xaf\xcde\xd0%2\x85\x9d\
\xd8?\x95\xd8Zl\xa17\xc5\x89z!\x14U\xf5o\
:\xf5#\x03\xb3\x1b<\x94H$\x12\x19o\x5cq:\
C\xf8LY\x93\x85\x83\xca\xba\xfd(\x94\x07]\x19\xb2\
t\x05RzO\x13\xd9\xa8\xe62\xe8\xc0-\x1f\xea4\
\xd2=\x86\x07\x8b\x04\xc8r\xae\xe4j\xd4\x0f\xc1=d\
~\xc7Q\xffk\x95Y7'\x12\x89Dv\x1b['\
Uv\x05\x8b\x85Xg\x00I\x91`T\xcey}T\
\x96|\x13p\xfd\x0do\xe9\xf2@\xaf\x9a&\x9a\xdct\
\x06\x1d i\x0f\xabe\xddc\x5c-w\xa6;\x90\xab\
\xe4\xd4\xee\x82\xd7Lyp`6\xd7\xa2\xd8\xb0%\x12\
\x89\xb4<\x92M\xa5\x9b\x8cW#\xcf\xcc\xdb]4z\
P/\x84\x5c\x0a\x14t\xbb\xcc&\xfe\xbd\xd1\xe3y&\
Mi\xd0\xf7=\xb8c\x00q\x15\xd2\xb6Rw_+\
p\xae\xfak\xf0A\x98W/z\x10\x16\xcd)\xf7m\
\x1d\x89D\x22\xbbC\x92\xe9\x18\xa1\xd7R\xd7\xe7(\xed\
\xdc\xe7\xa2\xc5\xda0p\xa3\x12m\xa2\xb7\xb9\xb6\x0e\x9a\
\xcf\xa0\xdb\xacX\x8a\xc9t3\xf6z\x5c\x97\x81m\xaa\
\x13\xf7\xbc\xc8\xf7],\xe8\xb1yY\xfb\xfa\xfe9\x07\
MA\xb1aK$\x12iu\xe4\xec\xff\x80\xa7;/\
\xf6*\xab1\x07\xf2n,\xca\x1b\x85\xde=\xfb\xb0\xce\
\xa1F\x0f\xe8\xd94\x9fA/\xe8\x9e\xd0\xbe^\xd2\x0f\
\x80\xe0\xdcK/\xf3\x8d`\xe3<\xe3\x1d/\x929\xf1\
\xb1m\xe8\xb1m\x8d\x1eV$\x12\x89\xec\x01\xf2Lp\
\x16\x7f\xb8\xffl\xe4WB\xb9'\xf0\x1aE-\xf5\x83\
\x81p\xdf\x8a\x8b\x9a\xef\x88\x9a\xcf\xa0\x17\xa5\x89?|\
o\x18\x96\xfd\x0dp5W\x8e+o&\x99\x00\x09\xe5\
N\xbaf\x22\x96t\xac\x1f\x982g\x22I\xa3\xc7\x16\
\x89D\x22/&K\x97\x9bI\x1fG'^:\xd0\xe9\
\x8c?\xc7\xaa\xe4\xcemI\xeb\xcesL\xde^m\x04\
\xf9\xbe\xfe\xb4sm\xa3\x07\xf4\xf3h>\x83>\x06)\
<\x80t3v\x02d\xa5\x0e\xba#\xdb\x08h\xb7u\
F\x86\x0f]\xbb9\x15\xbd%\xad\xc7\x8cD\x22\x91g\
c\xf3\xf4,tf\xc7\xae\xd0\x86\x7f\x0b\xf9D\x8a\xbd\
\xe7\x92\xbb\xe8r.W\xbb\x95,\x5cs\xc7\xa5T\x1b\
=\xa0\x9fGs\x1at\x89\xa5+\xd0S\xd7un!\
\xf3r\x8d\x96~\x95\xd7\xa4\x17\xe2By\xb7@\x0e\xc1\
,i\xdb<\x94\x1c\xd5\xac\xd7 \x12\x89D\x9e'\xf3\
\xfe\x11\xd6\xddE\xd8\xba#\x1c\x8cx#0\xa9\xe8%\
\xdd\xe8\xa1\xbd0\x9c\xe76\xcb\xac'pG\xed\xc5f\
\xa3i\x8d\xc9\x83\x87\xc1\xc4\xbf\xc5\x0a\x5cc\xf3(E\
BB\xb9\x91\x0aE\xdb\x1e\xd0\xf9\x09\x9e9\xa5\x93\xac\
\xdc\xeb\x94H$\x12\xc9Y\xb0\x0fa\xfa\xd6\xfe\x8eL\
z%\xb0\x08\xab\xfc\xbey\xae\x0b\x97\x15\xedR\xaf\xed\
\xeb\x0c\x1b\x1b=\xa0_D\xd3\x1a\xf4\x9f\x1d\x83\xe7=\
D@z@\xe2\xda\x22\xbb\xb0\xdc\xd9\xee\x00y\x03`\
K>5%\x9c7k\x1e\xfe\xcd\xaf7\xefu\x88D\
\x22\x91\xdd%IP\x80\x03\xc1K\xb1&\xe7\xf3]-\
9\xbc\xbc\x08g\x85\x05\xba\xe2\xa9\x93\xdb\x87\x9b\xb5w\
X\xf3\x1a\x12\x89\x0d\x0f\xa0\xea\xceP\xc5\xba\x06\xb1\x83\
z\xc4\xba\xc4\xe4[\xe6\xb2U\x11\x5c\xbc\xf6\x9e\xea\xb4\
\xaf/&c}\xdcK\x8fD\x22%\xa5\xd7\x9c\xd9\xeb\
d\xdd\xca\x81NIo\x16\x9c\x00\x04\xe5\xe9\xc0\xe5&\
\xef\x95\xdaf\xfc\x88\x1d\xee\xddt5pIs\x1eU\
\xf3\x1at\xe0\xba\x0f\x92m\xdc\xd1!\x9b\xeb\x85\xef\xcd\
\xa3\xee%\xd7w\xcfoo\x15\xcdg\xceV\x18~\xd9\
\xdc\xff&\xf0\x99F\x0f,\x12\x89D~mt\xadI\
\x0dg\x03o\xca7\xcd]s\xc1\x9a\xd2\xf8\xed\x16\xb9\
\xa5\xb1\x8d%}C\x93;6,\x9d\x0f\xcd&(S\
\xa3\xa9\x0d:\x92\xc3|D\xc2f\xa3\x9b\x80\xa1\xdc\xa2\
\x97\xde\x9b\x15( gB\x7f\xb8_\xff\xc8Tzq\
\x99\xd7)\x91Hd/\xc5\x86e\xf8\x14\xf5\x1d\x88\xfc\
A`_\xf29\x0e\xcal\xccsl\x84\xf0.\x9b\xab\
\x87\xba\x19Y\xbd\xb5y\x8f\xa9\xb9\x0d:\xf0\xd86\xb2\
\xe1\x09\xed\xfd\xc0\xf5\xc6O\x03\xd8r\xa93\xde\xa5\xba\
\xca\x0cf\xa1\xd2\xeaY|\xb3\xd1\x83\x8aD\x22\x91\xe7\
I>\x0d\xeb\x94\x8f\x0eNV\xd0_b\x9dX\x08{\
\xaa\xe4\xaap5,Y\xc0\xbd\x95T\xb7\xdf>\x1fn\
\x9f\xdf\xbc\x9eW\xd3\x1b\xf4\x0b\xe6\xe1\x97\xec\x9bd\xb2\
\xeeE\xba\x87<\xcb\xc2.w\x1d\x84\x900\x0a\xc2=\
\xc0\xc5\xa7\xdd94\xb9\xfc\x8b\xd9H$\xb2\xb7q\xe6\
\xa5$!\xcb\xde&\xeb\x22\xe4T(\x94{z\xce\xb1\
\x0b\xb9\xbb<&|\x0b\xd6\xe63\xaf\x22\xe1\xb4h\xd0\
\x7fm\xbe\xf9\x06q\xd8*\xd2S\xdd\xf9\xa8\xec\xeb\x05\
\x03\xa6\x90i)w\x8cZ\xc2B\x92\xf0\xb1YH\xcf\
X|Y_\xf9\x9f\x82H$\xb2Wpd\xafu\xe4\
\xa5C\x95\xaa\x06^n\xeb\x9d\x96{@\x09r\xb9\xf7\
\xcdk\xe4N\x97\x0c\x9b\x90nN;\xb2l\xfa\x02\x9a\
\xda\x97lz\x83\x0ep\x1b\xe8\xb6\xdc\x9d\xbd\x11\xb1\x1e\
\x13\x8a\xdb\xa5y\xcf\xecn!c\x0b4\x17\xb8\xc0#\
L-\xf7\x1a%\x12\x89\xec\x0d,\xfc\xac5\x83\xe1\xca\
4\xd2\xc5\xc0\x07\x84\x0f\xc4J\xf2\x18|\x13[\xbc\xe7\
\x81l\x94\x1f\xcf#\xa1\xca\xedC\xd3\xbb\xf8\xfao6\
\xf7\x04]\x0a\x83~M\xaf<\xf3(L\x97n\xc7\xdc\
Z\x08\xe4\xb7\x02\x020N\xb0^\xa6T\xc7\x1e\xfb\xe6\
\xa1R\x5c\x93H$\xb2w\xb2\xa4\xd7RFH\xa9\x9e\
\x08\xfa\x08p\x22\xd4tBZ\xc3\x983jbR\xe4\
{\xb2\xc4\xdbz:Ir\x87\xbdy)\x8d\xf1x\xf8\
P\xd8uN\xd7 \xf0\x15\x8bT\xa3mU\xcb\x8dT\
\xd4wp\x00xi\xcf\xc1i\xd7\x92^\x97\xe6\xbaD\
\x22\x91\xbd\x0cC\xfb\xa6\xa1\xb3$\xfe\xd1\xf8\xd4\x9aR\
{\xe9k\x8f\xc6`#\x8b\x0c\xb4\x1d\xb8\xa1O\xc9\xf6\
\x19\xdd\xa4\x8d\x1e\xd7\xaf\xa2\xd2\xe8\x01\xec.w\x1e\x97\
\x1b\xef\xc5\xdf\x09\xdf\xc7\xd9J\xd0\xd1\xf5\x0a\xb6\x12\xdf\
H&\xdf\x93\x11\x0e\x98WC\xfa\xb9\xcdp'\xbdV\
\xb3\xd6:6\x14\x1b\xfe\x1b\xf1\xa6\xddP\x94,2p\
\x8fy\x0f\xa12i\xe7\xa4\xce\x0a\xd3D\xd2)\xd4U\
M\xddQ\x11\xdd\x00U3\x18B\x18\x91\xc8\x9cf}\
I\x12\xb6W\x9d\xed\xf2\x84\xee]7\xbd\x9b\x14vs\
\xdf\xcc\xc5\x94\xd6\xe4\xab\xf8Hd\xb7y\xd6=}\xda\
_l\xeb\xac\x86\x81\x8b1\xbdHs\x8a\x5c\xa6\x96P\
\x83\x1b\x83soQ\x01y=\xf0\xb0fv\xf8\x91\xad\
\xcd\xef@\x96\xf2\x02,\xbe\xb4\xef\xf7\x0c\x9f\xcf\xbb\x91\
\x96\xf3\x18\x9eC\xf1`\x18\xbe\x94f~K\xba\xbe\x87\
\x83\xce!m\xc6\x9e\xbb{\x9c^\xf3\xfa#\xe1ks\
\x80\xd3\x10_\x06\xfe\x1e\x0e?\x17\xa6L\xd9\xa5$K\
D\xa6d8\xa3\xbdC\xeave\xa8\xcbi2E\xe6\
\x10I\x87\x80\xf67\x1c\x88\xbd\x1fb&f\x0aR;\
v\xde\x1fG*\x8c\xbdj[\x1e\xa8n\x84m[\xb5\
\xbd\xb3\x11\xe4M\xa0\xb5\xd8\xeb\x0ck%V\xe3\xe4\xa1\
\x94\xec1\x92t\x07i{\x7f\x22\x0f\x90y\x98P\xad\
\x8ed\xf2\x94\x9e]\xfeA\xdf,\x00\xf1\x16\xbc\xf4\x96\
|\x22\xd8<\x1d\xae>\x9b\x16\x8aJFZ\x8e^s\
\xf2o\xc0\xcd\xc3\x88\x1f\xc3\x12v2HgRQ\xda\
iq\xb8\xc9\xfeT\xd6\xeb\xc1\xdd\x80\xad\xe2\xc9i\xa5\
[:\xf7\x133\xd9\xa9\xa5\xffu\xd0\xfb^2\xafs\
\x83D\xd6\xec\xf3qs\x8f\xee\x17\xb0\xe8\xaf\xb3\x89\x1d\
\xc3\x83w\x1a\x1f,Z\xc2\xa8\xd7k#$o\xcc\xf0\
\xd2\xc9\x13{~\x02\xe8\xcaw+k\xf4\xe0\xc6\x83\x83\
V\x9bC\xaeGO\xae\x84\x07\x0c\xaf?\x0e\xfd\xf0\x1e\
8\xd2#I\xa5\xb3\xda\x89\xd4\x93\xa5\xcc\x94\xd29\x10\
fc\x0e\x10\x1cn\xf9\x10\xe0\x00\xac}r!\xc1\x5c\
\xccB\xb5\xf6H\xcfXT\xd7\xaa\xff\x8b\x9f\x146\x5c\
uI\x00\x0a_\xc3\xb9\x0255'\xdfH\xaa\xa5\xfb\
\x98\xd1\xcf\xdej\xb4Z\xf0\xb0\xcd\xc3R\xf6Df\xad\
M\x94=e'\x1b\xb1w\x01\x83O\xfc\xa8{\xf0\xa4\
w\x116O\xc7W\xf7\xc3\xb1O\xc2]\x9b\x80\x0f6\
w\xc6ld\xefa\xe9r\xb3\xf5Qt\xcd\x00\xbc\xea\
\x10\xb4q\xf5p[\xa6lz\xb0\x0f\xce\xd0\xd1\xc2K\
\x10g\x83g\xe6\xf6[\xf9\xe3\xd0:9pc(\x16\
\xf5\xf2.\xa3\xde\xc7\xb3\xae\xbf\x07x\xb2\x04\x11\xd3R\
^\x89\xc5\xbd}B\xf4\x1a>\x04\xb5m\xe8\x92S/\
\xc3S@\xfe2\xe6]\x95\xb4{\xfb>G7\xff\xaa\
\xf0\x85\xb0t\xb9\xb5z+z\xbc\x1f\x1f3\x1d=\xb9\
\x12\xcf\xec\x1a\xec\xc9\x9c\xce\xc8\x14\xe6\xc8\x1c&q$\
x?[\x07\x82\xf7\x03\xcd\x14n+\x1c\x83g\x9e\x9c\
\xba\xd4\xa4F\x13n\xeb\x1e\xc4\x18W\xe2\xd9\x8f\xe6\xb3\
O\xb1\x9f\xf5\xba\xc7D\xf8]\xfb\x12\xd7\xde\x9a/\x09\
\xf2\xffmB~\x1c\xeb\x09\xf0Z\xc1\x83\xce|\x9f\x82\
\xd6\x826\x0dZ\xdb\xd2Y\x9d\xe9]O\xe3Y\x93\xe0\
\xf0\xa9hV\x0f^qQ\xf3O\x16\x91\xd6c\xe9r\
\xb3}\x900\x92A\xf24\xf4\x8f\x0cNp\x96\x1e,\
\x87S\x11g\x0a\x8e1>\x04\x08\xf2\x98y\xf6\xe7\xfd\
\xa9U0v\xbe\x97\xfb\xa8\xe0m\xdb\xb3\xaek\x11\xbe\
\xb7\x04\x06\xbd4{\xe8cII\x1c\xc8~(\xfc{\
\x86\xfd\x8a\x89\xbb\xe47V=\xe6\x9b\x0a\xceE:m\
\x9f\xa3\xf9\x0eE#\xf8F\x8e\xecE\xa7\xd7\x1c0\x99\
p\xc8F\xc4cdL\x86\x836\x0e\xb4\xf7\xef\xf0\xfc\
\xe9\x9d:\x22\xc3\xc7\x18-\x0af\x16\xf2\x0c[SA\
Ia\xbck{z\xcf\xb0\xcfc\xfe4\xe6\x15=\xeb\
\x951\xb7\xc8\xaf\xba[\x9e\xfds=\xf3\xdf\x8e\xa9\x9a\
\xaceq8\xf7V<\x133\x1d\xf9\xd8\x22Yh\x07\
I\xd8\x0cl4<\xdc\x81o\xd7\x86\xc1\x95g\x84\xec\
\xc1\xc7\xef\xee~\x9c3\xf1O\xd6\xc0\xb1\xff\xe2d\xde\
t\xbc\xe2\xa2\xbd#\x22\x13i\x02z\xadG\xb7\x11\xa6\
u\x92\x8d\xac\x1b\x9e<<\x92-\x94\xb3\x97\xa3\xb0D\
\xf2\xfe\x98\xa9E\x08\xa9\xe8\xfb\xdc\x0a\xf3\xec/\xa7\xb6\
D\xcf#r\xbe?Sr{G\x0f\xa2\xbf\x1csp\
)/\xce\xc2^\xd3\x11\x06f\x02\x9f\x90\xf9\x1d@\x96\
k\xcd\xc6\xcbK\xbe\xaf\x9b\x16\x01\xddo`\xde5g\
~\xd7\xd3\xd0B^z\xaf\xc3\x99\xa0\xc7&\x93\x1e\xb2\
\x11\x86:\x06\xe7;dK0'\x09\x16\xda\xbc\x04\xd4\
)h7\xae\x92Wb\x84gEa\x9a\xfdd\x8c\xb6\
t\x90\x8c\x9d\x91/\x03lyHh\x08|\x9f\xe1\x0e\
\x11nB\x5c\xdd7\xa3s\xf3\xbc\x0c\x0f\xdfN\xb2v\
!\xbe\xed\x8f\xc9\xca~;G\x9a\x14\x9bS\xff\x86d\
m?\xe9\xdc0\xd0N\xc6\x92,\xf0&\xd9gY\x9a\
)\xbbR\x98\xb4\xe0\xd1\xf5\xf3\xder3\xba\xd8T\x93\
\xa4kqx\xbb\xbb;\x1el\xef#\x5cg\x9c]\xd2\
\xdc\x0b\xeer^$['\xff\xf5@%T}\xb1\xd0\
e\xb6\xa7\x81B\x0b\xdct\xb5\xcd\x9b\x11\xe1uX\xef\
\xee\xd9V\xb9\xfc\x07\x93\xdb2zK~h\xbd\xd6!\
m\xbb\x98\x9d\x86v;L\xc2>\x0b\xf9B`\x91\xd1\
\x81\xaa\xab\xec(\xcd\xffT3\xe2%/c\xa8\x05\xfe\
\x8d-g\xb22pb\x08\xc5n\x7f\x1fx5\x197\
\xa3p\xb9\xe5\x9f\xc8\x1e~\xdc\x95\x91'\xde\xd4n\xe6\
5\x7f\x98/R\x22z\xad#\x18\x0a\xd3\x94u\x04q\
bf\xde-\xbc\xd8h:\x90\x0a\xdbR\xa2\xf2?w\
\xbf\x16E\xcaL^\xb4\x96?\xab\x8f\x1a\xbe \xf3y\
\x08O\xdfHgJo\xf3\x1a\xf5r^\xb1[\xf2\xf4\
\xa5\xc5W\x0e\xcc3|J\xf8LP\x1bP\xfe\x04\xb9\
\xfcf2\xb9\x7f\xf7\x0d)\xbc\xe7\xce\xac\xf3\xa9\xfe&\
\xbe\x89\x9e\xcb37\xa0O\xbbtW[F\x98m\xb2\
C\x13\xf4\x8a\x0c~C\xd6\x01\x86\x9e\x22\xcf\xdc\xa3\x8b\
bB\xed\x85\x16X\xa0=\x97zL\x8f\xac(Z\x0c\
\xce\xb3\xee%\xd8n\xe9\x11\xd9\xdfG\x5c\x8d\xf4\xc8H\
R}\xf2\xd6\x0fL\x1a\x19\xfd\xf7\xad\x98\x84\x14\xd9s\
\x8c>\x8b\xa7\xf7\x0e\x85T\xd9L\xc8\x16\x09\xfd\x8e\xe5\
\xf3\xb0\xa6\xe6\xc9 6\xae;E\xad\x96\xb7\xfe<\xa9\
\x15\x1c\xd5\xfe\xd3\x88\xc4*g|^\xe2\xfb$~\xf4\
\x86\x0f\xf6\x0c4z\x94?\x8fr^\xb4\xde\xfc,\x9f\
\xd4\xde\xd7UI\xf5\x1e\xac\xf7[\xee\x12*eN\xc0\
s\xc8\x13\xe42\xa3\x0d\xc2\xef\x01\xbez\xc3\xb2\x9ej\
\xa3\x87\xf5+\xe9\xcd\x17Zy+XX|\xd9\xa6v\
\x0fu\x1f#t\x9a\xe1,\xcc\x89\xc23\x10aLV\
Ym\xa3{o\x9bHjg\xc0u+]\xcc!\xf9\
\xb6\x0b[$\xdf\x09\xba\x16|\xa3\xb2\xf0\xb3\x0a\x9d\xdb\
\xafY\x86\xb9\x04\x98\x8c\xf8\xb3\x98%\x1f\xf9\x05<\xeb\
Y<\xa5wxZPz\x8e\xc5\xab\xb1\xcf\x11\xcc*\
\x8a@F\x93H[9\xd1\xedyR8\xe9\x1e\xbb \
2N%\xdde\xfcu\xe0\x8a\xb4\x9d\xfbo\xf9\xf3\xee\
\x11.!_\xa2_\xd2\xf8hZi/\xdc\x92^\x0b\
P\x95\xbe\x93\xad\xf0y\x8bC\x95\x87\xabK{Lc\
pQ.e\xc1\x95\x22\xbc\xf9\xfae]\x1b\x1b=\xa8\
_\xc6\xd2\xe5\x0e+\xee';\xe5\x09\xc4\xc1\x83\x13C\
\x9a.\x92\xf5\x86\x0c-\x92|\xa8\xcd\x04jEec\
\x9d\x80V\xf4\xc2\x9f?\x1e\xbb\x94\xb1]\x9c!\x09<\
,X\x8d\xb8+3\xdf\xb3u\xd5\xcdt\xade2\x9c\
w\x14\xec\x98\x04\xb7\x9c\x14\x0d{d\x0c\xbd\x16\xef\x04\
\xfe\x09\x9f\xd6\xb1s\x92\xab\xe1,;\xbcU\xf2\x22`\
6\xce\xf39\xeae\x9ec2<#\xcf\x22\xcfx\x1f\
-p\xc9\x8b\xaa\xfal\xafD|;\xcb\xf8\xaf\xa1}\
\xbb\x1f\xbbs=\xe9\xd2\xf9\xf9c\xdb\xc8|\xa7\xd2^\
\xc4\xd9\xb7\xe7+\xd0\x03\x7f0\xd4\x19F\xb2\xbf5\xfe\
cYUp\xd2\x1aF=\x9f\xd6e\x0f#\xbd\xed\x86\
\xbf\xea\xfe\xafF\x8f\xe8\xe7\xb1\xa4\xd7\x01\xe3\x99G\xe1\
\x0d\x8f\x0e\xf6T\x07\xbd\x04\xfc\x07\x96N\xc6L\x97\x1c\
\xf03\x04\x5c\xf66O\xfc\xf9Q\x9b=\x8a\xcd\xbc\xfa\
\xe2GJ\xb1w!\xad\xb5\xfdoJ\xf4=\xb5w=\
:r\x06C\x9d\xdf'\xb9\xd6\xb8\x99\xf7\xf6\x22\xe3@\
\xafu\x12\x845\x90\x1e\x90\x0c\xb5\x854;1\xc8\xef\
\xb2t\x96\xf04[\x81\xc2\x9a\xe7\x06\x1d\x88\xcf\xe1\xee\
P\xc8\x84X\xa3^\xbb0\x1e\x10l\x81\xf0O\x99Y\
\xd1\xdd\xd6\xb9f\xda<\xb2\x8d\xf7\x91\x5cs\x89\x1a\x22\
\x13[\xea\x8by\xfc;r\xcd\xf3\x8e9\x83\xe7\xcb\xfe\
\x9aDgKm2\x8e\xaa\xc7=\x9e\xb9\xfd\xf8\x9b\xa9\
l\x06ht\x82\x5c\xf8+\xf3\xf2\xd9hk\x1b\xda\xb5\
vP\x1d=\xee\xe8\xe8\xd7y\xce\xb27\x83^aQ\
Q\x9e\xd9\x1d<\xaaU\xdf\x1a\xd7d\xfc\xa9W\xd3\x1b\
g\x98PL\xc8[\x90\xbf\xe8\x8c\xafd\xf6=]\xed\
\x1aX;\xd2]Y\x1d\xa8\x1e|\x0c^\xf5jZ\xe6\
1\x88\xfcr\x8e\xbc\xc3T\x9f L~\x22U\xc7\x96\
\xe1\xc4Yz\x94\x82.\x06\xfd\x1eh\x1avf\x14\xa4\
\x9a\xa2i\xbc1^\x00\xb5\x0a\x16\x812C\x06N$\
\x1e\x91\xc3?#\x7fEh\xd3\xbeGt:3\xbes\
=\xd9\xea\xad\x8c\xdb\x9c]\xee\x0bk3\xef\x0a4\xe9\
\x9e\xad\x9d\x1dC\x1d+$.p-\xb5\xaa\xec\xc7\x06\
\x14I\xef\x92\x8c\xe1\x9f\xaa\x95\xca\xfbo\xedi\x1f\xe2\
]\x8d\x0b\xb1.\xe9\xb5\xae\xcb\xd0\x09\x03#\x95db\
u\xa6\xf0\xe9\x86\x0b1\xaf\x00\xda\xa9\x05\xf1\xa4P\xdb\
8\x88\x13\xc8\x0b\xa7&O\x97\xa7\xcf\x91\x16It\x01\
\xb4\xc6\xe2\x87\x09^n|\x7f\xd6Y\xd9\xb8aNG\
:e\x1d\xfe\xe9\xfb\x1a\xbf\xa7\x17\xd9\x83\xd8\x9cy)\
\x9a\xb4\x1fZ\xff\xe8@g\xa5\xddG\x04\xeb7m\xde\
$\xb1\x7f\xb1uc\xa3\xa4\x90t\x83\x96\x98\x17\x9b\x00\
\xd72\xe7\x8a\xca\x9c\xdc\x7f\xaf\x0a\xdf\x22\xf4\xb5,\xd3\
\x15Y\xc2\xda\x0d\x93:\x07\xbb\xb6\xe2\x99\xe0k\xc6\xc1\
\xa8\x97\xfe\xe2\x1e\xfd\x15\x07\xc0\x13W\xf5\xbfN\xd2\x17\
d\xf7\xb4\xcc\xdel\xb1\x8f\x9e\xab\x8ek\xa3\xc5\x9b\x93\
3\xbb\xae\x04\xf8\xc9\x19\xe3<Y\xe7I6,\x810\
\x12vM'K\xce\xb6x\x8d\xc4Y\xe0\x19\x98\x04\x91\
a\x851g\xbe\xfc\xd7\xa0\xf9\xc8\xd7\xac\xc6\xb9w@\
M\x9f~\x8d\xed\x9b\x10\xdf\x02_\x1f\xd2\xca\xba\xeb/\
\xedH\xeb\xef\x88\xb4\x16\xbd\x16\x17\xc2\x99_CU\xf7\
\xcfw\xe0\x02\xe0\xf5\xc0\x02\xacNp\x0aE4G\xd1\
\x90\xef9\x0aQ9<\xbaU&\xf5\xdb\xdc\x86\xfdM\
\xec\x1f\x84L\x8fT\x92\xee\xe1k`\x8f7\xdc*\xff\
E\xb69\xe3\xa3\x84\xa1\xea@g%\xf8\xbb\x98%\xc5\
\xfeP\xf9\x8f\x0d\xea\x95\x13\xc2\x99\xe1\x9b\x96\xfet\xee\
\x11]k\x19o\xb1\x99^sb[_w\xa5\x1a\xce\
\x17\xbe\x108\x1di\x1f\xecJ\xcdo\xf4\x98\xd9#2\
\x0e\xd4\x17|B8+Jm\xd6#n\xb6\xf9V\xff\
`\xf7\xf2\xbb>\xc6P\xbc$-\xc82\xb38\xe9\xdb\
7sx\x83\xe0u\x82\x97\x1aO,\xf6fj\x1b]\
\xad2\x0b\x96\x05\xd7\xa5D\xf2\xe7q\x87\xf1\x9d\xa0\xef\
\xe2\x8e/\xdcH\xd8\x1a\x0d\xfan0\xe7\xb6|\x89t\
\xe0\x15\x83o\x06\x7fZ\xd0Y(\xc75zh/\x06\
5\xe5\x22\x836I\xfc\xc5\x94\xe9]_\xf8\xe1\xef\xe3\
\xe1\x8e\xf1\xf1\xd2_\xfa7\x0e=\x83C\xc7\x05\xa7\xef\
\x06\xce-D(B\xb1(\xad\x9d\xe9\x968\xd9%$\
O\xd7A\xd6h\x8b\x9f\x0c\xbc\x03q\x97\xd1'\xdb\xb3\
\xae\xef]\x13\x13\xe6Z\x86s>\xb6\xa3}h$\x9c\
o\xc2\xbb\xc1\x0b\x11=E\xfcw\xf41l\x91\xc9\xaf\
d\x14\xd34\xc2\xcaj]\x1c\x0d\xfd\x82\xfb\x0d\x9f\xdc\
\x96u}\xed\xfe\xde=\x970\xd72\x17\xfd\xc2\x15N\
\xd6\xae\x1c\xd8\x1fX.{\x91i\x19\x8b^\x84X\xe5\
<\xcb\x92k\x85\xffhp]\xf7C\x13\xf6U\xf5\xc5\
\xdc\x97\xe9\xea736\xc1\x13\xfb\xa1\x83\xae\x82Y7\
\xf5\x87\x90T\xa6Q\xad\xbe\x1b\xeb\x1d\x92\xa7\x16]\x88\
\xb2\x22Y\xb6\xa8\xaej\x89\xf3\x5cjr\xbf\x00\x8az\
\xf6<\x09*/\xb8\x19\xb4\xfcuY\x7f\x9d\x10V\x0d\
\xcc\xea\x18\xf9\xe9z\xc2\xd2\xf9d\x00-#)\xdc\x8a\
\xf4\xd6\xd7\xeb\x9al8RC!T|\xa0\xb2\xec\xff\
\x02o\x00u\x17\xfe\xa0\xc9\xabIb\xe6zs\x90\x0b\
c\xe5\xfd\x1c\x8b\xfe\x8f\x08k\xd8\xe2\xbb2\x1f\x16\xba\
\x17e#\xd7\xa7\xdd\x819d\xfc!/\xca\xd6Xx\
\xc1\x9f\xd0$|\xf5B2\x82\xd6\xcb|\x03\x18\x02j\
\x89\x0be'o\xe8\x99g\xa8f\x16\xc7[\xba\xb0}\
\xd6@\x9b!)\xfa{\xbe0lN\xffh^\xd7\x7f\
\xfcU\xc3\xc9i\x1f\xd9\xd55\xe7\x86\xc1#e\xbd\x93\
j\xf5FY\xffWxj\xee\x8c\xdb\xae\xed\x93\xe7\xbf\
\xe2\xe4\xd1\x04H\xca5\x18d\x17\xc6\xdc\x96,\xb93\
Xo\x14\x5c\x91)\xfbP\xfb\xe6\x81\xa3N\xa5\xaf\x13\
\xd0\xe06\xc2AW\x15\xba6\x91\xe6\xc2\xe6\x88\x19\xf9\
\x13v*}\xedGj`^P\xf6.R_\x89y\
\x9b]7\xe6x\xd4\x98\xb7H2p\xe9\xd1\xa8L\x94\
\x8a\xa8\x89l\xb9]\xf6\xeb,\x7f\xd3d\x1f\xb0\x99w\
re\xb0\x0d\xd0\xe1\xdfFKz_\xf8s\xd8r\x17\
\xff\xb4K\xfbO1|\x16s\xf4\x98\xba\xe7\xf2SW\
\x14\x03\xd0\xa3\x19zkrv\xe7u\x80\xae?\xfd\xd7\
\x0c\xbd\xdb\x1c\xf9u4\xdc\x03snG\x03#\x1b*\
\xeda\xc2|\xc1y\xb6^%8\xc1\xb8\xa3\x96Z]\
?\x93y\x11Zk\x9c\xd7\x16\xa5\xa8\x94\x1d\xb3\xa4\xcd\
\xf5=%\xdfn\xf4\xd5`}\xab\xe2\xf0\xd8\x9a\xd3\xdb\
\x87\xf6\xff\x09\xba6\x86\xe4\x9b\x86%\xbd\xd6O\xfe\x02\
\x8e\xff\xccH\xd2\xb6\xa3:\x0bs\x01\xf8\xb7$\x96@\
^K^$_\xd5\xfeI|\x16\x9b\x9bz&\xd4\xa8\
\xf63\x99\xd0O\x08\xfe\xdf,\xe3\x8a\xc1\xae\xee\xa7\xda\
:\xf1\x03\xaf\xc3;\xf6\xfb\xf5\xb7R[\xeeF8\xe3\
\x92\x1d\x13S\x92\xcb\x8c\xde&\xdc\xd6J\x19\x9e\xc5\x16\
\xa9\xf3\xd5\x9f\xae\xac\x04\xfdnuv\xe7\xe6\x1b\x9f\x80\
\xe7\x9bl\xd1\xbd\xc6:\xfc\x13\x84\xc1\xb3\xc9f\xae$\
I\xd3\xbe\x97f\xe2\x5c9\xbc^x\x9e\xc5$\xe5=\
ET\xcbv\xdbC\x87\x15\xd9\xd3\xb8V\xb2d\x17\xf2\
`}\x82[$Vdi\xf8j\x1b\x9d\xdbvl!\
\xdc\xf9\x8f\xa41\x81\xae\x91\x98\x05o L\xda\x0f\xce\
\xe9\xc6?\x0a\x03\xe7c\xbfQ\xe8<p\x9e\xb7R\x93\
\x08\x8e\x17\xaa|\xd4*\xd8GU\xa32\xa1\xed\x86\xab\
\x91?g\xe9\x86\xfb\xde\xdc\xd5\xbf\xe3\xdf\x7f\xfdl\xf8\
\x96\xbb)\x96\xf4>\xcaH\xd8\xe77\x80\xcf\xd9\x9a#\
HZ\xec(m\x9c\xca\xca\x90\xff\xea\x86\xac\xfb\x13\x80\
w[\xb8\xc0\xd6\xe9\x1f#\xdc~1\xe91_$I\
<t\xb8\x9d\xfd\x16\xe2\xb70s\xc0\xdd\xc5;CQ\
.\x07-x\x9f\xec\x85\xd4\xe4\x84\x91\x94\xd9N\x11}\
\xa0\x1f\x06\xa5\x9f\xec\xdb0\xe1\xd6\xb9\xe7A\xe7 \xac\
\xb8(\xd6\xaf\x8f7K\x97\x9bt\x98\xf0\xd0w\xf1\xa4\
\xc3\x06\x0fW\x92\xbd\xdd\xe6\xb7\x91\xa6\x16\x95$a\xb4\
\xafO4\xe6\xe5\xa6f\xd3\x85\xe5L\xa8\x0a^\x83\xf5\
E\x8b\xbf\xdd5\xb3k\xf8\xf0\xe9h\xc5E\xcf?j\
\xd6\x927\xc6\xe9\x1f\xed\x9b\x94V\xf9_I\xe7cg\
\xb4\x8c\xd0\x0c\xb5\xa8\xbb\x8dR\xc9\xfd\x99|~Gu\
\xe4\xa6k.\x99\xfa\xab\xff\xdd7\xd1aw\x0diz\
\x92V\xdaR\x1d\x5c\x0d\xfa\x13\x9c] \xb4\xbf\xb1\x10\
#Xm\x22\xcf|\xa3U\xceYd,\x1e\x0d\xc7\xcb\
\x96\x03\xb0I\xe8\xefS\x8f|z\xea>\xdd\xbb&L\
\xafd+.\xc2\xf1\xf2\x8f\x1f\xd3{\xab\xe1\x88\xea@\
\xb7\xdb\xc2\x85\xa0\xf7!\x8e\x1c\xd3\xb8'\xc9#s\xd1\
\x90\xb7\x125%}\xdbi\xe17%\xe0\xefYzg\
\xe7\x8ed\xcd\xb4G\xdb\xb3\xaf~\xf5\xf9=\x87/\xda\
\x0d\xb2t\xa9Y\x7f\xe8\xae\xcapG\x92t`\x0f3\
R\xeddr\xf6\x8b\xb3\xb0G\xbb\xd8\xbc\xa8\x14\xdb\xcc\
\xa7}x\xe0\xf5\x99\xfd?y;N\x85\x17\xff\x8b\x1a\
\x84k\xbf9+\xb2[\xaf\x08\xce\xde9\xc5;\x9f\xf8\
v\xef\x9c\x9f\xebY\x9d\xd4\xdb\x8f\xc4\x84\x00\xb3\xc1G\
\x22\xde s&hv.\x06\xe9L\x92l\x87Z<\
\xafE\xceV\xe4\x171\xba\xbb\x9e\x19\x82\xf0\xb0\xc5\x8f\
1\x9f\x0a\xe2\xba;>\xd5\xb9\xab\x7fC\x12=\xf5q\
\xe0\xd4\x8f\xee\xea\xa1\x1a\x16\x02\xff\x9f\xf0\xcb\x11\x130\
i1\xc1\xd7t\xd7\xe3\x13\xd9\x82\xd4\x13\x1bG\x1b\xc0\
\xc8\xf0\x80\xd0\xc7\xb3j\xf8\xe6M\x1f\xee\xd8\xc6\xf3\xd8\
a\xd9\xbdw\x8d\x91G_\xb6\xcc\x5c;\x91dx\xd7\
\xc8\x14\x92\xea\xfed\x9e\x8d\x98\x8e\x99\x88\x99`\xd4\x1e\
\xe4\xcc0\x00\x0cH\xdea\xb4Mf\xa3\x08\xebS'\
\x9b\x12\xda\x86\xae\xef%\xab\x0f\xa1\x9e\xeb\xf5\x22\xdc\xb3\
\xc5g\x9d\xfe\xd1\xbe\x19i\x1a\xbe-8)\xef/\xae\
\x96\xc9\xe8gLm\xbaD?\xe6\xab\x01\xfe\xb5Ri\
\xff\xd9`ge8\xd9I>\x1b\x84\x81\x09)\xcc\x0d\
p\x84\xed\x13@\x8b%\xcf\xc7L\xaew+\xad\xfb\xe1\
1\xc1f\xaf$\xef&5*0l\x1e\x97\xf8/\xac\
/\xdd\xb0\xac\xfb\x81\xfc=/\xe2\xf3\xb9\xb73\xe6\x5c\
.\xe9\xdd\xd16\x12*\x0b\x8c/\x14z\xa3\xcd\xfe\x85\
\x04\xa0\x0bG$F\xc9\xf6&j\x9b\xeb\xf9\xfa\xedi\
\x9b\x7fC\xfe\xdc\x86\x97V\x9ex\xf85\xed\xbb%\xf7\
\xfd+\xdf\xb1t\xb9u\xc7\xf1\xb0\xef\xd76\xe1\xb4s\
\x8aF\x92c\x81\xb3,\x16\xc8\xccE\x9e\x09\x9ab\xbb\
\x0b\xe9\x99eTR5O\xc0\xd1N`\x8b\xcd&\xc4\
S\xb2\xef\xcf\xc4\xcdVX\xd9\x99\x0e\xee\xb8f\xd9\x94\
a\x80\x8e!\xf4\xb2\x1f\xa0o\xbf\x8a\xec\x85L\x1eK\
\x97\xe7\xa5\x7fkW\x0e\xfe\x8e\xc9>\xaf\xbc| \xb4\
\xd4*\xb7h\xd8\x9b\x87M\x19\xc6~\x00\xe9~\xa4'\
\x94e#\x16\xd3\x85\xf6\xb5\x99\x0d\x1c$\x98\x01\x0eP\
T'\x8fjP\xb4\xce9\x89\xfcZ\x14^B^\xf2\
\x96\xebb\x0c\x19~*\xf1/#\xd2\xb7o\xfd`\xe7\
N\xfe\x86|\xe9\xd8\xe0\xc6@\xa5\xa6\xd7b\x19^\xf0\
\xf7h\xe2\xf6\xfe}\x95\xf8\x22;\xbcA\xf2B\xac$\
\x7fS\xddy\x8a'z\xef#/6\xadW\xbc\xb1\xc3\
p\xa5\xa5\x0f\xdf\xf4\x8a\xae\xfb\xf80\xe2\xeb\xbf\xbc\x8f\
\xc7/\xfeIn\x98u\xec]\x90|\x85\xee\x8e\x9e\x81\
\xb3e\xbf\x03t,\xf2T\xacN\x177\x9fjY\xf9\
\xc5G\xe6\x1f:j\xd8\x8b\xa0Q\xed+3\xc4\x80a\
\xbb\xcc\x06\xe3\x1fY\xba\xaa\x92\xf9\xee[\xff\xa2{\xdd\
\xcb~\x00[\xef'\xac\x1b\x84G \xfbu&\x90\x03\
\x1f\xcd\xeb\x03f}\xb1:=\xd1\xc8\xe5\xb2O\x1d\xf3\
\x90\xb4\xce\x83\xe2Z\xec\xa4\x9e\xc5\x0c0l)\x93\xdd\
\x06\x14\x93D]dx\xec_b`=2\xca\xb3\xda\
\xb6:\xcf\x9e\xdb$\xfbr\x13.\xebw\xe7\xa3S \
\x5c\xb3\x07U\xaeZ\x96^k\xf1~\xa8\x9a\xe1\xcaS\
\x03F\x9c\x8bx\x0ff1\xf2\x04[A\xa3a\xd0\x18\
^\xdf\xbb\xb1G\xb5{3\x9b*\xd2=!\xf5;\xaf\
\xff\xcf\xee\x9b\x99\x00\xdc\xf7|\x0dz\xaf\x09\xa0SB\
\xbfp8\x06\xb2\xbfD\xbc\xde\xb9\xf0M&$\xcb\xa1\
(g\xda\xcd\xb0\xd0hf_\xb1Z\xc8\x9c\x87\xc1C\
\xb1\x00\xb8+\x93\xbe,\xf8Q\xe2de\x95\xb4:<\
\xab+\xdc\xfev\xd2c?\x8f\xefz\x0b\xcf+\xe4w\
\xe6_9\x01\xd2\xe1\xca\xc0\x9f\xcb\xfe\x185\x9f\xb4\x15\
\x1f\x96\x9a\xe2g\xbe\xb7\x80p-\x83fT\xa9\xa8\x95\
\x162\x91=I\xad\xa6F\xb23KA\xf6\xcd\x99\xf4\
\x97\x86\xebn\xce\xba\xb2 |\xdc\xbe\xf8\xf6\xb7\xc7[\
\xea\x97\xb1\xa4\xd7\xf4\xef\x8b\xb2\xcc\xa1s\xc3 \x10\x0e\
\xb5\xb2w\x00\xef4\x0e\x85\xbeC\x88\x9d\xd0\x22\xcf\xa1\
\xd6\xa2\x01\xa5\xc6\x89\xcc\x93\x22\xbce\x9d\x93\xab\xd7\x8e\
\xb4\xf9\x95\x0f\xe2\x15+\x9e{\xbb<\xf7\x95^3A\
i8&\x0cM\xb4y-\xf0\x01\xd0\xa12)8y\
Q\xea k1\xbeb\x81Px\x03\x89r\x9f\xf3I\
\xa4\xab3\xf3\x03\xe0\x96J\xc5O\xee\x9c\xdd\x9dn>\
\x9c\xec\x90\x1f>\x9f\x16t\xd6\xc2\xcf@\xc7\xd3}\xf3\
\x85\xfe\x138\xce\x22\xc4\x92\x8fH\xe4WSw\x13\xf2\
^\xda ?\x8d\xf5i\xd9_H;\xc2\xfa\x91i\x9d\
)\x90E\xa3\xfesXf\x8e\xd9\x17M]Ohc\
\xa8\xd2\x97\xa4\x07\xcbz\xa5\xc5[\x84\x8f\xc8\x93_\x80\
\xd1\xbc\xf5x\x12#?\x9f\xdcE\xcb\xf2\xcc9\xaf\x04\
\xbd\xaf}PWW\xb2\xce\xa1\x1f]\xf6\xdc\xf2\xd2\xf0\
\x9c\x7f\xdc\x86\x8ecp\xa2\xad?\x02>*3Oy\
\x05k\xa5\x88\xaf\xeb\x05g\xc7\xe4:\x95\x85\xbf\xacD\
(\x91m\xe7%f\xfba\xffn\xc0\xff\xbf\xc4g\xd2\
To\xee~\xa2\xff\xa8\xb9?\xeeo\x07D\xafw\xf3\
\xbb\xe5]#$\x10\x9e0\xfa1hX\xc6-\x22\x07\
\x1b\x89\xecQT\xef\xd7\xa5\xa0\x5c\x22|\x96\xe0\x12\x8b\
\x7f\x0e#\xd9\xcb\xda\x9e\xee\x9fHQ\xfd\x16\x19e\xe9\
r\xeb\x90i\x08\x08#\xea?\xa0/d\xbf+\xf4i\
\xf0\x87\xb0\x8f\xc0d\xc5\xfc\x17\x14\xa5Z#\xbf\x8a\x5c\
96(\xd7\x8f8\x02|\xc9Hwv\xfaP\xcfp\
\xa5\x96+6\x96Q\x83^<\x98gVIR\x85w\
a\xbf\x074\xbb\xfe>\xed\xc1pun\xd8\x83\xa4\xa4\
\xb6\x97g1]\xe6\x5c\xe1\x8f\x09\xfeY\x19\xef\x19\x09\
\xfd\x87\x1f\xcb\xae\xdd\x1e\xc3\xaaM\xa4#\x13\xdb\x06\x80\
\x1f\x19\x9e\x18\xf3\xa38\x0bE\x22\xbf\x9aZ:\x8c\x9c\
\xd77\x02:\x1f\xeb\xefd\xdeS\xd90\xb0\xef\xc4U\
\xd1 =\x0b\xcf\xde\xb1kJ\xcf\xc6\x817 >%\
\xf9c\xe03A=\xf9\x8f[\xaa\xda&2n\xa8\x96\
\xb1v\x9c\xcd_\xa6Yu\x1e\x8c&\x80\x8f\xbe\xab\xc6\
\xdf\xe6?X\xdc7\xf0\x0e\x8b\x8f\x0bO\xa8{\xe2\xe3\
_\x99<*VY\xeb\xeek\xfa\xc0\x0f\x01\xffv\xc3\
\xb2\x9eO\xef\xee\x07M\xfb\xb8\xc3\x11\xc3}3\x85>\
n\xeb\x8d\x92+\xf9\xbe\xd5\xee\xee\xfdG\x22\x91z_\
\xc8|\xbb\xcc\x82\x01[79\xe1/n\xfa`\xf7\x1d\
\x8d\x1e_3p\xcaG\xfa\xdbB\xc6i\xc0\x9f\x18N\
\x03\xa6\xe7\xc9\xcay\xb2Q\xac*\x89\xfc\xda\x14\xab\xe9\
B\x7f$5\xbe\xb2:\x98^\xbce\xdf\x89;\x1f\xde\
J]\xfa[\xf4\x9a3\xf2Li\x0dk\xf0\x8c\x80W\
X\xccP\xbd\xf3[\xc3D\x0d\x5c\xa4\xde*o U\
\x88V\xe6\xf9_?M\xadw\x06|\x9bI\xb2\x9b\x96\
\xb5\xeb\xc2\xaf\xe2\xaf^\xc8sv\x03\x16~\xd6\x02B\
\xc7\x86\x817)\xf3\xdf\x1a\xcdP\xcdA\x8f\xcaK\x91\
\xc8\xf3!_h\xcb\xd4\x92`0C\x16\xefK\xdc\xf6\
\xd9T\xd5\x91\x1b\xb3.\x00\xd3\x0b-k\xbb>dx\
70\x15\x9d\xfe\xb1~\xa7\xa9\x02Y\xf6\x12\x05}\x18\
\xf4[\x98\xce\x9an\xbeD\xa0^'\x1a\x89\xbc\x00\x0a\
\xf1\xe6\x22\xeb9\x08_\xb6\x89\xca\x07\x1ev\xbbO'\
\xcf/\x0bl\x83\xeb\xb6\xc1H28+\xc8\x7f`4\
I\x90\xba&\xff\xd9\xb8\x1bQ\x85\xc5-\xea\xee\x0a\xef\
 \x0f\xfd-JB\xf6}\xc4\xdfI\xe9q'\x7f\xa4\
\xafC&L\xde\x8e\x96.\x7ff4\xfd\xf6u\xf8\xd1\
\xd5d\x15\xaaW!\xee\xae}r4\xe6\x91\xc8\xf3&\
\x7fj\x5cL\x0a\x96\x0d\x1d\xa0\xbf\xc9\xa8\xfe\x17\xf8\xf4\
S5\xd03\x81,t\xcf@Kv;\xdf\xa5\x1c,\
]\xeeZ\x883\x1c\xf6\xce\xe1p\xea%\xfd\x13\xb2T\
\x0b\x05\x97J\xe1\x1e\xc3\xefa:]KQ\x16a4\
[9\x12y\x81\x14\xa9g\xc5\xf2\xd0H\xbf?M\xe9\
kNN\x86+\xdb\x9c;\xe7\xe2\xfd\xd6\xc9\xf4\xb5%\
\x13\xb4\x14t\x19\xf6\xac\x5cr\x90f\xabS\xae\x8b\x9e\
\xd6\x0a\xb1,R\xe0.\xf0\x97\x82\xf9\xd6\xec#\xbb\x1f\
\xdb>DX3\x11\xafz\xcdh\x01\xfey\xef\xcf\xff\
A_O\xff\x9f\x00\x7f\xa7\x5cR1\x1a\xf5H\xe4\x85\
\xe01\xcfd\xbe\xf0~\xc8\xe6\x7f\x90V\xec\xcc:\x1f\
\x98\xd5\x05S\x0f\xc2\x80W\x5cT\xdeGm\xe9r\xd3\
\xb7\x01U:P\xc7dXw\xff\xd0d\x87\xf4H[\
/\x17\xbc\x16\xf9pL\xa5\x1e\x91\x18\x9d7\xe3\xb6^\
\xe4\xc5\xa5\x16\xed\xb1S\xa4\xd4\xf6\x15H\xef\xbe\xf1\xe1\
\xae5\x80E\xafu\xaav\xed+\xc2',]\x84\xdd\
Vh\xb04\xef\x8dXK\x9c\xcb\xe7\x91\x0c\xd8.\xf4\
S\xe3O\x87\xb6\xca\xb5\x1b\xe7\xb7o\x9f\x9f\xa1J\x95\
l\xc5E\xf57\xb2\xf8\x92\xfe},nB\x1c\xac\x22\
\x9a\xdf\xc8\xc3\x88DJO\xaeXX\x93-40\x80\
uWf\xff\x87\x08\xdf\x7f\xc9\xfc\xceu\x8fo'\xdc\
\x7f\x01\xd9\xce\x97\x94\xaf\x8b\xdb\x85_q\xd8\xfa\x08t\
L\xc6;\xb6\xf4M3\xc9\xf1\xd8\xaf6\x9c&\x98\x07\
\xee\xca'X1\xc6{\x8aD\xf6,\xf9\x86tUh\
\x8baY:\x9c\xfc\xe7-\xb4\x0f\x85S\xd9%\x91\x1c\
mi1\xa6R\x84\xb7\x9b\xfb\x96,\xca=\x8aA\x06\
\x89\xc9\xc8\xe7J\xfaG\xa7\xd5\x0f\xefs\xef\xc0\xbcJ\
\x15\xaf\xdeJ%\x7f\x7f^iwCo\xcf\x06\xe1\x7f\
\x8a\xb9)\x91\xc8\x8bDQ\xc6*#L\xb0\xd5m|\
r\x08\xfa8\xf2\xa7\x9eZ\xd9\xff\xcadm\x7f'\xe0\
%\xbdN\x1a=\xdc\xddeI\xaf\xc3\x92eN\x00\x0f\
z\xa0{\xc7\x96\xfeW\x1a\xfe\xde\xf8s\xc8\xbf\x8f|\
\xb4k\xc6\xbcV\x82\xdbl1\xcdH+cI\x09x\
\xaa\xe0\xbc\xb6\xf6t&mX\xa7_:\xd0n\xfc^\
\xdb\x1f\xc9S\xe3\xad\x92\xb5\xe9\xcb%0r)\xba*\
\xa8M\xf2JI\x1f\xb5\xf9\x9f\xfbG\xba\xbc5\xef\xb5\
fz\xc5\x92e\x1b&\x0c\x87\x09\xab\x84\xe7@\xf4\xd2\
#\x91\x17\x8d1\x82Q\xc6U\x896[[$\xae\x1c\
\xaep)\x1d<x\xe7K\xbb\xa8^\x0f\x5c\xd2\xa4\xde\
\xfa2\x93\x08\x9d\xa4\xc1\x22\xe9\xcf\xafB\xbc\x0d8\x1d\
k\x0ax\xa4H\xce-D\xb6\x1a=\xe0\xc8\xdeJm\
\xf3\xd9\xf6&\xc1\xdb\xdb\xeco\x86j\x1b\x13\x8c\x17\xe7\
\xb5\xdf\xa53\xe6@\x91\xfa\x9eo\x13T$g\xb6\x8e\
\xb0\xf9,\xe6+G\x86\xa1\xe3ON\x06{(\x5c\xf2\
k.\xd9g\x97\xe4\xcf\x18\xa5.\xea\xe2\x1a9\xf8H\
\xa4e\xc8\x05S\xf2\xe6?\xa2b\x93\x0aO1~c\
[\xd5W\xb5\xef\xe2\x93'\xde8x\xcc)\xc9\xe0\xa4\
\x85M\x980w\xea\xa5}:5\xe9\x9fr\xa2\x06\x8f\
\x06\xff\x19p\xbd\xe1\x8bX\xaf\xc4\x9ad9\xb5T\x11\
\xaeDI\x98H\xa3\xc9\x13Sm\xc1t\xe0\xa4j\xaa\
\x0e-\xfe\xf0\xc0a\xce\xb2\xeb\x85f\x94\xbeN\xb2(\
o\xa3\xee\xb5K\xc6\x0f\x22}\x11\xbc\x02%\x8f\xdc\xf8\
\xa1\xce\xf4\xd4K\xfb\x8f\x93Y\x01>\x08P\xf4\xd2#\
\x91\x17\x9d\xbc\x0fh=\x0a]HX\xe2\xd5HW`\
\xfd\x10\xa7\xb7\xbed~\xcf\xa6\x15\x17\x8d\xf1\xd6\xf7d\
\xabV\x1b\xfe\x15\xb1nL\xd7\xb8^sB\xe7@g\
e\xd0\xfb%\xd2\xb1\x96\x97`\xce1:Pr;y\
U\x8dG\xe5-G\x0f\xe6\xc5\x1f`$\xf2<q]\
\xaa\xf1\xa7d~\x8dN\xbd\xb4\xef\x15B\xdfn\x80x\
\xcc\x9e\xc1\xb5\xff\x8fv\x173\xde\x05\xba\xd9\xe2\xdfG\
\xda\x86\xbe\x95\x8ct\xb6U\xf0Gl\xffq]\xf1\xa1\
\x15\x8e=\x12i>\x8a\xd6Ay\xda\x5cQpS\xb5\
\xfc\x94\xac;-\xae\x92\xb9Z\x0e\x8fU\xe8\x18\xb8f\
Y\xfe\x04/]\x81\x1e\xd9\x8a\xee8\x1as*y\xf1\
\xfb\xf3\xfa\xd6Bg\xe32x\xfd\xa1\xe8k\xaf'\x03\
\xea\x06\xfd\xb8~wvw\x0f\xce\xb2|\xa2\xc4\xe9\xb6\
\x8e\x16^\x80\x98f+P\x13\xd2\xa9}^\x9c\x1f\x22\
M\x8a\xb1e\x0dfIzzE\xe8\xf8Q%\xd4\x16\
\xb8g\xebQ\x06\xd5s\xe1\x85z\x10g\x0b/h\x1f\
i\x7f\x85R\x7f\x1ceW\x10\xc2\xcb\xb0\x0f\xb6\xa8\xb4\
\xc0\x91G\x22\xcdH\xadmC\xb1\xbf\x8e\x8d\x13\xa1\xfd\
\x8d\xf7\x17\x9ce\xb4\x8e\x90\xfet\xc4\x03\xdf:\xa57\
\xdc\xd1\xc1\xc0z\x8e\x9a\xd2\xc7\x18\x89\xe6\xd7\xfe\x8f\x93\
\xb5\x1bQ\xf7f<\xf1%\xd09\xe5\xb9[e\x9bW\
\xa1\xaaa\xcb\x0c\xb8\xf7\xef\xc8x\xef\xe8{\x16\x7f\x82\
\x90\x0c\x0fMH\xd3t\x1f'\x1c\xa5\x9e\xf0\x0a\xe4\xd3\
@\xd3l\xa6\x09*&\xef;\xa5B\x9d\x92\xe8\x89G\
J@\x11\x01\xebT\x96,\xd2\xe2K\xfb\xfe\xd7\xd6R\
\xbd\xd0\x0ej\xcd\x8c\xeb\xaas\x99 \xb1\xfc\xb4\xcc?\
\x80\xceG>\x1d\xd7\x9a\xceD\x22\x91q\xc0\xc6E\xb7\
\xc5\x5c)\xdeVR4\xfb\xdd.\xf9J\xd0Ol\xdf\
-\xf3dB\xfbSUU\x87C\xd1\xa6LI\xee\xf1\
\xa7\x19$y\xb7\x13D\x96?\xdd\xca\xff\xbe\xc3\xdd\xc9\
\x94\xca\xc0\x94\xa0lvZe\xff\xa0\xb0\xc0p\x06\xf6\
b\xd0\xe4\x22b\x90\x15\xae|\x9e6[\x93\xcb\x8eD\
\xca\x84\x9d\x15+\xe6\xff\xd0\xe2K\xfan\xb18Qn\
\xa8*\xdcxPh69\x93%`\x18\xe8\xb3\x98$\
\x93\xb4\xf8\xb1G\x22\xcd\x88\x8b\x5c]!g\x98\x14Q\
\xb1k\xb6\x95>[k$\xaf\xb6\xf5\x94\xf0&\xd0\x16\
\xa4\x9d\xc8\xfdYF\x16\xe4\xaaQ\x05\xdcEF\xb7\xc4\
4\xc3\x14`\xb6`.\xd2\x01\xc6\xfb\xa9\xd8\x84\xcbC\
\xf7\xb59\xc0!f\xaaGZ\x80B\x08\xc2\xd7V\x0c\
\xfb6i\x01\xc9\x8bM\x9e\x0d_\xec\x8f\x19\xda\x84\xa6\
\x16\x0fz\x5c\x96G\x22\xe3\xcf\x98\xa6%\x12\xa2\x92?\
\x8c\xce\x8am\xf7n\xc1|\x9b#\xc15\x85\xac\x0c\x18\
\xb2\x19R\x9eu\x97\x0a'Fm\xc8\x1d\xa0v\xc9v\
\xcd\x80\xdb\x12\xca(\x96\x0d\xd8\x01\xa9\x82\x1c\x1f\xfbH\
\xeb\x90\xfb\xe3\x07T\x80){\xd16Q\xb1\xc3\xae\xd1\
\x14\x1b=\xeft\x9bH$\xf2\xe23\xa6\xc6FI\xfe\
[.\x1b\xabZ.o\xde0*\x01\xba1]\x85n\
\x06\xc5C\xacB\x12\xda8\xef\x1a3\xa6zeT\xd0\
\xa6\xfeR4\xe6\x91VB\x00\x93+H]\x8d\x1e\xca\
\xb8R\x7f\x9e\xc7\xacb\xe2\xa3\x1d\x894#E\xb5\xb7\
\xc6\x98\xdf\xda\x9a\xfc\x99\x7f\x1f\x13:\xd73_\x8fD\
\xf6\x1az*1\x953\x12\x89\x94\x908eE\x225\
\x8an\xe9\xc1x[|2\x22{1\x86\xe7\x96@E\
\x22\x91H)p]\xec\xa1\xbf\x02l\xc4\x9e\x19\xb7\x94\
\x22-\x88\xeb\xbf\x8f\xb6\xfa\xcc;\xf5\x14\xa9\x90\xf6\xd8\
\xe4g\x8dn\xcb\x8e\xd6\x22C=\xf4\x1b\x89D^0\
\xa3\xf9K~\xd6+\xcf~G=z\x5c\xfc\xae1\xef\
x\xd6\x16\xcb^\x8c\xc8{\x1d\xca\xdb*\x98U\xa0\xf9\
\xc4\xa4\xcfH+`\xb2\x22\x87*/\x86\x82\xa0\x22o\
\xca.\xd2\xa6pj4\x22\xa8\x02\xd5\x5cOD\x09r\
\x9bPG\xde[\x84<\x11\x1aj3J\xca\xe8\xfc\x12\
j5\x13\xb1\xdc1\x12\xf9e\xd4\x0dKmI]{\
>\xc9+\x8ej\xcf\x8f\xeb\x7f\xf8\x85\xd6}\xcc\xeep\
\x11a\xb6!\xcd\xd5\x07\xc8\xfb\x90\x14?\xd8\xab\x8cY\
Me\x05\xad\xadH\xdc\x85ym\x91\xeb\xbd\xf7\x9c\x84\
H\xf9)tFd\x1br\x91\x10KA(\x14]\x88\
F\x84\x9e\xb2\xfc$f-\xd2\x06\xf06\xd0\x0e\xd9}\
\x10\x86\x09\x1e\xc4\x04\xe1v\x9bN\x07&az\x84\xa6\
\x03\xb3\x10s0\x07\x1aO\xaf\xf5\xf4\x13d\xf9W\x13\
@\xb1\x07v$\xf2l\x0a\x09\xee\x5c\xf07/CD\
\x04LP\xcd\xa3\xc4#\x82u\x88\x8d\xa0\xed\x98\x1d\x86\
\x1d\x88>\xd9U\xd7\xc5\xfa@\xd0a\x98\x22k\x9a\xf1\
4\xd04`\x1f\xe1n\xd7|w\x93\x91\xdb\xb6P\xfc\
\xbd\x104h\xfd\xa7Sy\xad\xe6\xea\x0a$7Yi\
\xfeb\xeb\x1fw\xa4\xecx\xacN\xbf-\x93Z\x128\
\x91\x85\xec\x0d67 \xdfD\x08+\x83y\x22u\xba\
\xcehK \xc9jwy\xd19\x04\x07\x08\xae}Z\
\x1e\x88\xaf\xb9\x0d\xc3no\xafxdz\x08\xde\x8f\xc0\
\x5c\xd2\xec8\xd0\x19\x86\xe3eu[ ;-\xc6\x95\
{\xed1\xd4\x15\xd9;\xa9=\x97E\xe4\xcaY\xae\xe3\
\xe5\xc4\xb5\x02\x04{\x1d\xe86\xf0JK\xabp\xf6d\
 \xac\x0fY\xb6e\x90\xf6\x9d\x15U\xfb,\xd7>a\
\xd4\x17w\xa8\xb9\xf7J\xdc\xd1\x9dU\x06\xa7T3M\
N\x9c\xcdB:\x14|\x9c\xcc\xf1\x16\xc7`\xb5\x93\xf7\
\xfcK\xf3\x0f*\x22t\xd0\xbaf=WZ\x94\xc4}\
:\xf5\x92\xa1\x03D\xf5*\xc4\xc1\xc5\xf5h\xd5\xc3\x8e\
\x94\x95Z\xbb\xab\x22TW3\xc9H\x83\x86\xad\xb27\
J\xfc\xc8p\x95\x15\x1eL\xd3\x81\x0d\xfb\xdf7u'\
s\xd1C\x87\xe3\xbb\x8e\x03N\x843>B24\x19\
um\xc6\x93\xe6B\xc7\xe4g\xee\xddm{\x0c\x8d\xf4\
\xc1\xae}Q{\x1f\xbe\xf1\xbd\xa4\xfc\x0b\xb0\x01~\xf3\
!\xb4n\xe1\xe6\x90\xec\xea\x9c\x92)\x99\x8d\xb3E\x98\
\xf3\x91\x16\x09O\x05M\xb6\x1d\xf4\xcc\x9d>h\xddi\
$\xb2w3\xa6\xf1\xf4\xa8\x13\x9c\x9b]\x0fcm\x15\
\xdei\xe9\xde\xe0\xec\xc6L\xdc\x86\xf5XRi\xdb\xda\
\xd5\xde\xb6s\xf2\x01\xb0u\x10\xffh5p&\xb0\x04\
\xb8\x04\xe6@8`\x22ax\xc23\xbfl\xd70^\
\xb5\x99\x8ce\x98~\xe0o\xe0\xa5\xfb@\xe7\xfd\x10\x0e\
\xa2]\x03\xfdS+fVj\x9d\x88}\x01\xd2\xd1\xd8\
\xd3$M\xc1\x84\xb1\x83V\x8b\xe9\xf4\xdb\xb6Pf\xf9\
7*\x95\xf6tK:\xcc\xb5\x98\x83b\x92A\xa4\xc9\
\xa8%\xa8\xa1\xd1,\xb5\xd4x\xbd\xa4\x95\xb6\x7f\xaa\xc0\
\x8fPzO%M\xb7_\xc3\x94!.\x00N\xe8d\
\xff\x8b\x80\xd1d6\x03\xbe\xeeCE(jwy\xaf\
k\x9f\x01\xa0\x9b\xde==\x036\xf3\x19\xb6\xf04\xf7\
\x9e\xd0\xbe}E\xc7H\xc7\x5c\x07\x9fF\xe63$\x8e\
\xc1>\x1c\xe8\xccEP`\xec\xce}\x0c\x81EZ\x80\
\xd1\xce\x18\x85\x0aP\x11V\x1f\xb6xB\xf0\x90\xd1\xbd\
\xc0\xf5\x92\xeeRed\xcb\xc0\xf4I\x03\xb7\xaf%\xe5\
\x08\xc4oS\xeb\xa6W\x0b\x84\x8d.\xaa{\xe5\xb5\x90\
\xad\xa5\xe8\x8c\xf7\xf3X\xe6\xb1\xcf\x90\x00\xdf\xfc^\x86\
\x19\xe8~\x9a\xcb\xd8p\xcav\xeeM'\x0c\xfcO\xa5\
=\x9b\xab,\x9chq\x9e\xf0\xf1\x86\x83\x11]y\xff\
\x80\xbc\x93^+\xe4\xc0xtY\xb5\xde\xd2cZ|\
\xc9\xae\x8a\xd1\xef\x00\x9f\x04&\x15\xcb\x97R\x1fd\xa4\
\xcc\x14Nx\xee\x95\xd7\x1an\xcah@\xf8!\xe0\x07\
\xb6~\xa2\xa0\x9f\xa5\x03\xc9\xda\x91Mm#\xb7\xffk\
q\xbb\xf6\x1a.@\x9c\x80\xf7X?m\x80\xcf \x9e\
\xa6\xdeS{\xe1g\xad\xca\xfa\xbe\x89\x153_I\xb2\
(\xcb|>\xf8d\xa1\xa9\xd4sw\xc6\xe8\x9c\xc6\x85\
s\xa4,\x8c\xeenQd\x9b\xe5\xe4\xe1\xf0*\xd6\x06\
\xe4\x9b-\xaeW\xa6{\xed\xf0@\xb52\xf0\xf4\x01?\
\x9bR]\xb1\xbc\xb6\x01\xae\xfc\xd9<|\xd4\xa0\xbf\xe8\
\xcf\xe7\x80\xe1\xe3\x88K\xea\x8f\x1b\xc7\xfe\xc36\xda\x07\
\xdb&UF\xc2\x02\xc1b\xcc\xcb-\x16aO\xc8\xf3\
ek2\x83\xa3GT>\x9c\x15\xb3\xcb\xd7\x84\xfeP\
\xa7\xf6\xee\x84\x90\xcc\x07\x7f\x1ak\xb1p\xe2gi3\
E\x22\xe3\x80\xeb\x19\xaa&C\x0aE\xd6[\xbf\xe0\x0e\
\x8b/\x08\xdf\x88\xfd\xe4\x0d\xcb&\xecl\xf4`\x7f\x11\
g]6\x92\x0c\x0d\x8e\xcc\x06\x8eG\xba\x18|\x96\xf0\
\xf4bi\x92\xd9\x0e\xad\x16\xf2\x8b\xb4,\xc5\xe2\xbaH\
:\x95\x93\xc2\xb7\xdd\x81\xf4\x08\xf8\xdb\xb2\xbf\x8b\xf4D\
\xd6\x9em\xba\xf1\xcf'\x8c<\xc3l\xd4\xabD\xc6\xf9\
6\xff9\xdf{\xfaG\xfa;\xb3\x94\xd9\x90-Dz\
'\xd6B\xa0\x07\xf2NeX\xa1t\x09t\x85 2\
\x90!\xbd\x0f\xf4\xcf\xa2\xd7\xe1\xe4d\xb8'd\xe9\x07\
\x84\xff\xcc\xa8\x0d\x9c\xc4\xad\xf4\xc8xQKV\x07g\
\xb9>\x82\x02v\x15t-\xf0\x1f8\xfb\x0e!\xec\xba\
)\xeb\xc2\xbd\xfa\xc5\xe1\xb8f\xc0\x86[\xd0~W\xa6\
\xda/\x8c\x04T=\x09'\xef\xc2,\x01\xef\x83T\xcd\
\xb7\xf1\x9c\xd8\xca\xe3\x87%\x0f\xfbEZ\x8dZH\xda\
FJ\x0d\x95\xc2C\xdf\x02\xfc8\xe0\xff\x06\xbeo1\
\xf4@V\xc96\xd3\x0e\xbd\xcd\xdf\x11c\xe9r\x87u\
\xf7\xeft\x16\x92I\xc0\xebA\x7f\x04\x1c#\xa8\xd8N\
\x95w\xedsY\xf2\xc8\x9c'\x05gF\xf7!\xbd\xdd\
\xdd\x1d\xb7\xe8\xc0Gs\x7f}\xf6\x97\x06O\x0cd\xff\
\x829\x1a\xa9R\xcfX\x8cD\xf6\x18\xf5jR\x1b2\
\xa1\xd4b3\xf8Z\xc17\xd8\xd5\xfd\x9d\x9d\x0b\x18\x9c\
\xbc\x06\xad[\x84\x1f\xfe\x8d=\x14J\xdf\x13\xf4Z\x0b\
!\xcc\x9aI\xb6y\xdb`H\xaa\xe9\xa9A\x5clt\
\x1efn\x11\xc7\xac\xd4\xa4\xca\x1b=\xdcH\xa4\xb6#\
kd\xe5\xdd\xe8l\xbb_\xd2S\xc6\xdf\x0dN\xbe\xd5\
\xd1\xd9q\xeb\xca\x0aC\xf3v\x92\xec3\x1f\xaf\xb8\xa8\
\xc9\x17\xd8\xcf\x22\x19\xb6\x16\x7f\x8c\xf0\xf8V\xb2\xb9\xd3\
\x06\xf63\xd9\x1b\x8d\xfeH\xd2Lp\x1bV\x1e\xa1\x1e\
\x1b\x8coF\xf2\xfd\x7f\x83G\xb0\xbe(\xfc\x81\xeb\xff\
\xaa{\xb3\x96.7#\xfd\x84\xb5\x8f\x0d\xf7TB\xf5\
\xfd\xb2\xfe\x8fq\x9bP(\xf7\xdeB\xa4\xa9\xa9\xa7\xbb\
\xd9\x12\x19\xd6\x93\xc87\x01+\xb2\x91p\xf5\xf0\xec\xce\
\x9d\x9b\x8f\xc4\x93\x9eDw_LV\x1aC\xfe,\x96\
.wxt+\x9a\x93\x90m^?0\x19s\x92\xcd\
\x1b\x84O7\x1c\x80\x9f\x91\xb3\xd2\xccSH\xa4\x85)\
\xb6\xc8\xf3\x98\x91\x5c\xb5\xb5Q\xf8^\xd0\xf7\xb3\xe0k\
\xf6\x9d\xd7}\xd7\xea\xa1\xbc\xf9\xec\xa6\x0d\xb0v'Y\
-\x87\xa4t\xf4\x9a\x03\xb7\x12\xf6\x0d\xd09\x99l(\
\xf4\x9d\x12\xac7\x01\xaf\x02\xe6 \x05\xd7\x5c\x87f|\
\x22\x8b\x9a[\x89\x14k\x8d\xe4?\x9b01\xbd\xf2\xc6\
\xb7NL\x05p\xec\xe7\xf3\xc8\xdf\xc45\xfd\x87e\x81\
/\xd8:Qy\xd8\xa5|\xfb\x0a\x91f\xa5\x9e\xec\xf6\
\x8cW\xc5\x06\xdb\xdfC|S\xd2\xad\x9d!\xdd\xf0\xd8\
\xa2\x09\xe9\x945\xe8\xf6?(\xaf!\x1f\xcb\xd2\xe5f\
h\x07\x1a\x19@\x1b\xef\xc5\x1d\xfb\x0e\xce$d\x8b,\
\xfd\xb6\xe0\x1c\xcc\xecgl\xa97\xe3$\x12iE\xea\
\x09du57\xbc\xc5\xf0]\x89\x1f\x08n\xcd\xfa\xf5\
x\xa5\xadk\xe4\x9e\xb7\xe0\xfd\x7f\x82~\xf6\xbb\xad\xf1\
L\x02,\xe9\xb5\x1e:\x1f\xe6]\x89\x06\xc3\xc0T\xd9\
\xe7\x0a],|\x16\xd0]\xd3\xa6Us=\x8f5W\
(s\xbe}\xf79\x05\x96qV\xd7V\xa8+a\x9a\
\xc5\x9f L\x1c@;\xc3\xc0\xeb\x8c\xff\x1dkb\xdd\
\x967\xd7\x01E\xca\x87\xeb\xff/\xfaV\x1b\xfa\x85\xbf\
\x07\xe1\xf3\xc6\xb7\xa6=\xc3[\xa6\x1c=\xd9k\x06\xf1\
H\x17~\xe4e\xb4\xdc\x8e\xcf\xd2\xe5\xe6\xd1\xab\xe0\xc0\
%\x84\xa7\x1f\xac\x92%\xd5\x99d>\x09\xfb\x8f-\x9d\
\x05n\xd7\x98B=\xedm\x12\x96\x91\xf1`L\xa2\x1b\
XR\xaet\xac\x9d\x82\xcb-\xff\xb7\xe0\x0eF\xc2\xd6\
\xf6\xb6\xce4\xb4\xe1\x91~\xb8\xee\xd2\x12mw=\x1f\
l\x96\x5c\x82\xae1\x9c\x94\xf4W*\x0as\xb1_e\
\xf8\x80\xecY\xf5\xcc\xfe\xbc\xd7C. \xdd\xb8\x13Q\
\x97\xcf\xb5\x1cd\xdd\x89\xf9\xdd9\xf3\xbb\xee\xdf:\x15\
~t.\xce\x0b\xee%\xda\x06\xc86\xce\x86\xac\x92|\
C\xf0ea\x15\xd2{\xcf\xf5\xaa\x22\x91\xdd\xc0v\xbe\
?n\xcb\xff\xaf\xbds\x8f\xb2\xb3\xac\xef\xfd\xe7\xfb\xbc\
{\xef\xd9{&\x93\x1b!W\xa3\x09\xa1\x10\x10Q\xb1\
\xc8\xbd\x8de\xd9Z\x85V\xaaC\x97.O=\xeb\xc8\
\xc2\xb6\xa7\xd5\xd5\x9bZ,fRDi\xed\xea\xe1,\
k\xadb\xbbl\x17Z\xcd\xb8\x14T@\xac\xb6\x18\x02\
\x1e \x11\x04\x0f\x81\x84;\xe4:!\xd7\x99\xd9\xb3g\
\xf6\xfb|\xfb\xc7\xfb\xee=\x03D\x09\x84\xc9L\x92\xf7\
\x93\xac\xcc\xcc\xce\xcc\xce\x9b\xbd\xdf\xdf\xf3{\x9e\xdf\xe5\
\xfbs\xa6\x02\xe9\xac\xda\xfb\x11\x82\xfe\xe7h\xb9\xf4{\
\xb6nN]\xeb\xbf\xe7OfD >\xf4\xdb\xf8\xd1\
\xdf\xd0Q\xe9\xc7\xfa.\x15\xeb\xbe \x94\x10o_Y\
\x8a\xf7\xfcMuG\x10\xdfq\xa5\xfcn\xec\x8f\xc8\x0c\
\x22\xe5\xda4\x993\xcf\xfbL\x0b\xfb+8Tl\xb7\
\xea\xa8\xb2<WV\x9b\xe9\xa6\xe1V\x07\xde\x91:\xb9\
<M\xe2\xadw\x5c\xd9\xb9\xe3\x8e+\xabM \xce^\
\x86\xd7\x5c\xa5\xa3\xd3\x99\x03H\xdc\x96\xe7\xa3\xef\xba\xb2\
st\xe3\xfb\xaaOH|NI\xe5\x8dH_s&\
[\xab<\x1f\x11\xed\xc9z!Z}\x83\xb6\xe5 \x18\
\x10\xfe\xab\x84\xca\x86\xfe\x0dh\xd6\xeel\xc3\xf5\xc2\x8b\
\xb39\xef\xaa\xe1\xe9\xe0>\xec_\x03%E.\xbd\xe0\
%\xd2\x92n\x94M\xcccyM`\x1b\xf0\x8d\x86u\
\xcd\xfa\xdeZ\xff\xe4^\xe2\xd4\xe3\x9c\xde\xe1\x13\x83\xe2\
U\xe0\x0b\x91fg\xf5\xb6\x99\x18\xa6\x8a6\xb7\x82\x97\
G\x96q\xcd\x02>1\x977\x8f\xc0\x80\xe5{!|\
\xb6\xf1L\xed\xdb\xeb\xbf\x98\x8b.\xe5\xd3\x11&\xf7\x92\
\xa7\x06\xe7\xf5\x0eV\x11\x97\x00\x7fdx\xadP7r\
k#\x84[{\xef\x89\xa7\x15Oi%-w\x07q\
\xc5\x82\x8e\xce\xebX\x87\xfa\xfa\xc6\x0a\x13\x0f\xe4\xd0\xf5\
\xba\x7f\x1c\xd6\xb4g}\x9e\xf0ge^\x97\x85e(\
B\xef\x05\x07\x89M>\xb2L\x90Z\xda\x8a\xf9!\xe8\
\xcb\xb3\x17\x95\xd7~\xf7\xb2\xd2\x11U\x19{\xb8\xe8Y\
m\xb6><<=\x9a\xdf\xc6\xfe\x1f\x92\xcf\xb2\xd5\xa5\
\xe7\x8e|-l\xb0\xe0\xe0\xc9t\xd5s\xef\xe3\x14\xd8\
kt\x8f\xcc\x8d\xee\x18\xf9\xea\x9d\xf5\x19\xfbYU8\
\xf0\x03bs\xf6\xffC\xe5[\xeb\xafN\xc5E\x88K\
\xb0O\x17\xcc\xce6\xd96R`\x22}\xa3[2\x99\
\xb6\xa4\x88\xfd\x94\xc5\xb5I%\x5c7\xff\x84\xea\xc8\xf3\
\xbb\x0c\xc2\x0b\x9e@\xf2\x03\x7fX\x8d\xb1\x1c\xd6a\xfe\
\xafa\xb3^8\xd1\xae\xa0\xe0\xf9d\xa1a\xe3\x96\xec\
\xa9\xa4a\xe0\x16\xe0#N\xf4\xb1M\xb5\xea\xed\xd5\xe9\
Iq/\xfd\x02f\xcf\xaf\x0e8V\xff\x1d\xf3a\xd0\
g\x847\x99,Y\x91}\x87\xa1\xb0\xc7\x82_\x8c\xc9\
s]\xf9\xbdb\x8ba\xccZ\xcc*\xd0\x87\x1d\x93\x7f\
\xde\xd03c\x7fqD{qv\x1cW{j\xfa\x09\
\xb5\xcf\x03\x7f\x88\xf8\xa8\xc5\xcd\x927\xe7BQ\x99\xb0\
\x8bI\xdb\xa9\xe9COQ\xbb\xfd\x0b\xc7L\xab\x9d&\
p\x17\xd2\x95IS\xff:\x7fA\xb5q\xa0\x96\xc1\x03\
\xbf\x9d\xf9zq\xee\xa7\x86\xba\xd5\xe4r\xa3^\xe1j\
\x1e~/n\x81\x82\xe7\x92\xcfL\xb1\x94'\xcb\x11\xe2\
g\xc0u\xb2oL\xab\xe5m\xc9\x9cJ\xf3\xd1\xddx\
\xdb\xc0\x98dj\xc1\x0bY\xd1k\xb6\xbd\x1ey\x13a\
\xd6\xc8p'\x91\xd7&\xf6\x9f\x02\xef\x00:\xb24\x86\
\x83\x8aq\xc7\x05\x07 _\xfcE>N8\xebT\xf2\
\xfdV\xb8\x9e4~+&a\xeb\xdeS\xaa\xc3\xb5\xdd\
x\xfaf|[a\x8b/N\xafy\xdb24\xfc(\
\xa1?\xd4\xc3\x0c{\x81\xd0\xe9\x88\xb7b\xbf\xc5pZ\
\xde\xe2\x16\xb3\x12\x05$9\xbc\xe4B ;\xcf\x88\xc8\
\xc6y\xaaR\x02\xf6\x0b\x7fE\x81/)&\x0fu\xed\
\xea\x18\xee\xde\x82\xfb\xfa^\xf8\xf4?\xff\x1f\xcc\x05b\
\xcf\xbfj(\xb1\xb5\xd2\xf8\xe3\xa0T\x90\xe4?Y\xdc\
\x09\x05\xed\x01\x07\x86(;Z\x1a\x11\xfe\x06!~:\
\xa6\xda4sY\x17\xff\xf1(\xf1\xf5\xf3\xf1\xfa\x0f\x16\
\xb7\xccAas\xf2g`\xfe\x10\xc9\xfeZ\x8c\xb5\xc6\
\xf0,\xe0}\x86?\xc7,\xce\x04x\x9cd\xe9\xf5\xc2\
\x0e\x0b\xc6\x91\xe5\xcb\x9b@\xc0\xda'\xf1\x95fS\xd7\
*\xd1\x13\x0fwt\xc4\x0b\x97\xc2\xffO\x88\x1b\xde\xc5\
QYx:\x91\xac\xe85\x0d\xd00\x84:#>N\
1\x09\xc1\xafI\xcd\x852\x17\x83\xcfG\xe43\x1c\x95\
\xe6\x13)B\x96-sKM}\xfc\x8b>\xd6q\x90\
\x8dz\x8d\x1a{,\xc9\xe7W\xdcL\xd0u\xd8\xffU\
\xa2\xd2T,\x01\xc4\x9f\xb7\x11\xfb\xc5\xefh&c\x09\
\xdf\x83sU\xff\xa4\xf0\x87,\xba\xb2\xf2\xf7v\xf5~\
qW\x1c\x8b\xb4\xdb\xab \xbb[I-=$\xfb\xff\
\x10\xe27\xef\xe8\x9a\xb6w\xc5>\x92\xdbz_\xe2\x84\
\xb3\x82\xe7P\xad[\x17\x7f\x0b=\xf2\xd4\x8eP\x1b\xed\
:S\x0e\xab\x8c\xcf\x91\xd5\xd9n;\x1d[\x98\x0b[\
<\xf6\x18\x0b\xf0*+b\x17\x0c\x1a\xee\x93\xe3\xa7m\
\xfd\xe8\xce\x8b:\x87V\xdcT\xd8\xe2+I\xcfj\x0b\
\x08?x\x8c\xf4\xf4y\xa8\xb1y\xa4;4\xd3e\xe0\
7#](\xf9L\x9b*RUv\x87\xa5\x8evL\
-W\xd6e\xdc\xc8\xa6L\xea\x9aa\xc3\x10\xb0\x17\xb8\
\x19\xf8vZ\xf7=\xb3\x17v\x0d\xde\xb2\x8b\x00\xf8\xc5\
$v_|\x01\xe8\xcd\x16\x8ds\x18\xacH\xfa\x98\xa4\
\xff\x0d\x9e\x93\xf7\x12K\x85\xf0\xcc\xb1F{\x011n\
\xc9\x14<e\xc7\x9b\x93\xa0\x7fX\x9avn\xf8\xb7\xb7\
\x03k\x81}Ex\xfd\x95\xa0\xa7\xc7\x0c\xcdA7\xfd\
#>\xef\x93\x8d\xe3\x1d\xe3\xfb%\xbf\xdf\xd6\xc9\x82\xd2\
X\xe5-\xc5\x89\xfd\xd8\xa2\xb5\x9f\x06$\x8b\xba\xec\x9f\
9p\xbd\xd3\xd2\xd7~Le\x07 \xde\x01\xfc\xf2Q\
\xdaG>\xd9\xf4Z=\xa7\xa2\xbe\x07\x89\x9c\x01l@\
g\xd7\xf7u&\xa5\xcaL\x13\x97*\xe5$\xa4\xa5\xd8\
\x8b\x9d\x9d\xde;\x90\xca\x99\xc1\x12\x0d\x0d\xd9CH[\
A\x8fJ\xdc\x1f\x13=\x1c4\xbc{mcF\x03\xa0\
\xe7T\xc2\xc1J\xec\x1e\xdc;\xdck\xb1\x12\xce\xbfj\
p\x96\xad\xcb\x8d\xfeX\xf2\x02\xf2udB\xab\xfc\x0a\
\xa6\x0a\xad\xe0\xba\xf3\x09\xdf\xb24$\xb8\xcd\xe6_\xec\
\xd1\x9b\x7f\xdc;c\x98\xde\xdc\xdb\x17\x8e\xfc\x95e\xdc\
\x04\xa9\xa5\xab\x1aa\xa1\x9a\xe7\xdb\xfa\x80\xe0b\xf0\xcc\
\xbc\x9dE\xb9\xaeU\xb1\xc9>z\x19\x13i\xca\xc7\xa0\
\xe5\xe5\xd6\x8f\x09\xbe.\xe2j\x99\x07n_9\xcd\x85\
-\x1eFz\x0dg .\xce7N\xb9\xfe\xcc\x9b.\
\xb7\x98KR*\xed\x0a\xe5JG9:\xa9\x85\xe8J\
$\x06\xa5!\x9aP/\x87\xb4>Z\xebL\xa7\xcd$\
\x9d1\x83\xd8w)\x80x9\xef\xdf\xc1\x7f\xa7\x0d\xab\
\xe0l\x0d\xcd\x0c\xe8R\xc9+\x8d\x16\xc8D\xc6\x04j\
\x8a;\xe7\xe8\xa4u\xf6\x8by\x13\x05\x16O\x81\xbe\x08\
|5AO\xdf\xfe\x89Z\x11\xce;\x8c\x9c\xbd\xb2\x1e\
B\xf0\xdc \xbf\xd3\xe8C6\xcby\xe19\xbd\xb0\xc7\
\xa3\x07\xe7\xc9U\xd9\x8a\xe4G(\xe1\xba\xad[\x1c\xf8\
\xac\xccO~=\xd6\xf6\xf7\x16\x0e|\xf29$A\xb9\
\x97\xbf\x1f\x7fi?\xd5k.\xd9\x80v-\x1d)5\
\xbb\x9aou\xe4s\x12\xaf\xc9\xa4\x0b\x14D\x11\xf2;\
\xca0\xad0\x8c\x9d\xd2\xd6Q\xf0\x7f\x84\xc0\x15\xcd\xa8\
\x07\xee\xbd\xac\xd6\x1c^P\x84\xf3&\x83\x9e\xd5\xd6\xae\
'\x87K\xc3\xc3\x9c\x80\xe35\xa0\xb7\xdb.\xe5\xe7\x83\
$\xab\x84/\xe4c\x8f\x022\xf7\x90\xfd\x99\xe6\xd1\x9a\
\x80\xb8W\x84OF\xfb\x96\xad*\x8d<\x1e\xcb/\x9a\
c-8\xbayY\x86\xde\xd3\xe3\xc0ix\x8b\x1a\xa7\
\x98\xf4\xef\x04+\x80\x0e,yL:\xa7XD\x8eh\
2]\x98\xbc\x15-5\x8a\x82M\x88/\xdd\xf5\xa9\xda\
\xb5g\x7f\x0e\xd5\x9b\x84\xf5\x1f,\x0am&\x93\x9e\xd5\
\x0e\xcf\xec\xc3\x9d\x1bG\xd4\xe8\x8a\x1f\x88\xf2\xe52\xa7\
!\x12\xec\xc4j\x87\xcd\x0a{<rq{6\xb9\x1d\
AO\x22\xfa\x92\x12\xffP\xa6\xb6}\xf7<\x92{\xff\
\x17i\xa1\xf0V\xf0Ba\x99\x83\xa0\xafO\x91S\xd0\
\x9cWulH\xa2~\x1f\xebK\xb6\xfa\x91\x9b\xca'\
bR\xe8O\x1f\xd1\xd8\xca\xfc9N-\xed\x90|\xbd\
\x03\x97\x8dP\xfa<\xa0\x05\xdd\xa8p\xe6\x93O\xdf\xa5\
\x8a?~\x06f?Q\x81\x0a_F\xfa@\x9e\x0ay\
\x8aLY\xaa5Q\xab\xb0\xc7#\x89<GN\x16\x22\
\x8b\xb9R\xcc\xe3\x92\xfeY\xe82\x11>\xfdS\xd5\xb6\
\xa7#\x84{?\xa0f\xe1\xcc\x0b\xe0\x10w\xedy\xe9\
>[\x1e\x1e\x9ec\xfbw\x04\x97\x1b\xbf^V\x00\xc8\
;\xef\xdaM\x15\x87x\xad\x05\x13\x8f[\xbf\xdb_H\
?\x90}=\xd2\xad\xdd\xcf\xd6\xfa\xb7N#\xfc\xf4\xea\
\xc2\x91O5\xde\xf4\x05SN\x08A\x98g\x86g#\
\xce\xc3\xf1\xbd\x82\xb7\x01\xdd\xb4\xfac\x8a\xdc\xfaT\xa6\
U\xf0\xa6v\x15d\xd6\xc2\xfc\x8c\xf0\x0f\x8d\xae/\x87\
xo\x5c\xd4\xb5{\xfb\x00\xea\xee\xc0\xeb?X8\xf2\
\x821^\xd6\x09}\x1c\xee?\x1e\xee(Ww6G\
\xe2\xbf\x02\x97\x81\xfe\xdd8f\xe3\xe6\xf2\xc1\x00\xa68\
\xb1O]\xf2y^n\xbfWF\xb2\xf4(p\x85\xf0\
\x1f\x84\xa0\xaf/\x5c^\xeb\xef\xde\x82O\xdaH\xe1\xcc\
\xa7 \xeb?(\x16O'\x02\xcc\x5cV\xdd]K\xaa\
7!\xff\x89\xe1C\xc0\xdd\xa8\xdd\xa3\xd0\x16\x96,\x0c\
rj\xf0\xfc\x18JKl\xcc\xa2\x8e\xd5\x07\xfc\x81\xa5\
\x8f*\xe1\x87sO\xee\xda\x03\xb0q\x17\xb1p\xe6\x05\
\xcf\xe7\xd0w\xea6\xfc\x0d0\x88NI`V\xa8w\
Y\xfe\xdd`\xad\x04/vK\x86:K\xe5\x15\xed4\
S\x8bL\xf3\x1f\xe5#\x02\x91D\xdd\xf67B\xd05\
\x88Mk?^\x1b-\x8f\xa2w\xde\x80\xfb.-\xde\
\xba#\x81\x9e\xd5\xe6[\x97\xa07^=\xe8DJJ\
\x8e\xf3\xa2t\xb9\x08\x1f6\xcc\xcc;\xdc\x22\x10\xf2\x0e\
\x1b\x1fp\xf2b\xc1D\xd3\x9a\x89\xc9XkBV\x85\
d\xf9'A\xe1cI]w\x8e\x94\xa9\xdf\xad\x0eR\
\x88=\xa7fcx\x0b\x0a\x0e\xc4\x84\xdd\x19\xe7\xad\x1a\
:\xdd\xb0R\xf8BK\xd3ik\x0c\xb7\xfe\xe5\xa2\xf2\
vR\xc9\xe5\x06\xc9\xa7\x0b\x085\x907\xa0\xf0\xb7]\
\xd5\xea7\xbf\xff\x17\x1a\x9d\xecK,8Dr\xf9\xe6\
V~\xf5\x9c\xbf\xae\x9f\x16\xf0'l\xbf\x054S\x10\
\xb2\xe6\x1a\x93\x17\xcf\x15\x1b\xee\xc3\x87\xc7\xf2\xe4\xca\xe5\
\x93= \xb4!\x98\xcf\x03\xffv\xfb\xca\xce\xe2\x04^\
\xf0\x92\x988\xe3\xed5g\xd2\x98U\x0e\xe9{d\xde\
\x87\xf4Z\xeci\x90\xb7\xb8\x8d\x9d\xd7\x8b\x05\xe4p\x92\
\x97,\xca\xed\xe5\xbe\x01<\x04\xbe\xa1\xa4\xe6\x17\xd7\xa4\
\xd3\xb7\x17\xad/G)6=}h\xcb\x86\xfao!\
\xbf\xd7p\xae\xcc\xfc|\x02\xb6\xf2Mva\x8f\x13\xc9\
\x98P\xabs\xf9l\xdb\xde\x05\xdc+\xe9\x06\xd0\x0dw\
\xbc\xb3\xba\x95\xd7Qt\x1b\x16\xbcdJ\x13\xf9\xe4\xf7\
\xac\xe8\xd8s\xc1\x1d\xfcSL\xebk!^d\xa9G\
\xd6\xc9\xe0\x0eC\x94H\x8a\xf5\xe30\x90\x9f\xbb\xf2I\
LQ\xce\xa2|\x82M6\xdfC\xea\x0b\x94\x7f\xb2\xe6\
\xcf;\x1b\x5c3\xd9\x17[0\xd1T\x8e\xaf}\xa7\xde\
\xdf\xb8;\x10\x7f\xc5\xe2\x9d2\xe7[^\xa8\xacU1\
\x92\xf58\xe7c\xd8'\xfbj\x8f\x0a\xdcVt\x80\xd4\
\x10$\xa5\xb6\xb6b\xaf\x93\xf4M\xd0\xdd\x0b\x97W\x1f\
}xg;JRl\xaa\x0b^2\x13k\xae6\x17\
|\x0a\x0d\x1d\xe7\xa4\xda?\xd0A,\xbd\x01x\x97E\
\x8f`\xe1X{\x9bB!W9\x01\xe4\x09\xbal\xd0\
\x8fS\x0c\x96\x02\xb0\x05\xfb\xdb\x92\xben\xfc@\xb5\xc1\
\xdeX\xee\x8c\xb7\xad,\x04b\x8e\x05~\xf3z\xeb\x89\
=\xa8s\x7f=\xe9h27\xd8gD\xf4\x1e\xf0\xaf\
\x09\xcd\xcd\xda\xa4\x8c \x14R\xb2\x87D.\x08C\xcc\
\xc6a*8\xdbMo\xb6t\xab\xe0\xc6\x08?\x9d\xb5\
\xad\xba\xa5>_\x9e\xb3<+O-r\xe4\x05/\x97\
\xc3r\xe7\x9c~\xbd\xd9\xf7*\xc2\xbc\xfbb(\xedm\
\x94\xb0\xdf\x88\xf4~\xc4\xef\xd9T\x85c\xbek\x1d\x13\
\xc1-8$\xdas\x97\x84s1\x8a\x12\xb0W\xf0\x1d\
\x82\xbe\xe8\x98\xae\xf3\xb4\xf2\xc8\xfe\x85\x15v.'.\
\xbf\xb1\x98\x8d|,\xf1\xa6/\x98\x87\x7f\x0b\x9d\xf8i\
\x92\xee\xe3\xebq\xd4L\x07\xce\x0a\xf6{\x80\xdf\x91\xd4\
m\xd3\x04\x87\xcc\x11\x15\xe7\xf5\x83'\xafu\xb3,9\
fN]\xc1bk\xc0\xd7\xa7\x91o)\xe8\xbe\xdd\x84\
\x91\xf2\xf1\x1dZv'\xcd\xdd\xcb\xa0\xb0\xbf\x82C\xe5\
\xb0\xdeA=\xab\xad\xfb\xb7\xa3r\xc03\x9f\x1d\x92a\
\x85\xd1\x1fc.\x90\x98\x81\x1d\xdc\xaa\x96S;\xecT\
\xdc\xe5\x07CV\xaf\xae\xac/\xe99\x11\xbb\x11\xd0\x1e\
\xe4\x1f\xc8\xba\x8e\x18\xd6\xad\x1d\xea\x18\xfc\x95.\x925\
\x10\x8b|y\x01\xbd\x0e\xbf\x0a\xda1\x87t\xce\x96\x81\
\xae\xd8\x91\x9ca|\xb9\xc4o`u\x83+\xe4\x95u\
jOd*d\x9e\xc7\x91\x85\xd4\x05rkF\x0e\xce\
?\x1f\x10<f\xf9+Q\xe1\xe6\xc5'W\x1f\x04\xe8\
\x7f0{\xedn+\xec\xaf\xe0\x15dR\x0c\xb2g\xb5\
C\xdf\x83\xc4\x13A\xf3\xc3\xe8\x0c3z\xbe\xed\xf7J\
\xe1L\xdbK\x81dL\x90\xa6\x15\x95\xd7\xa4]\xef\x94\
\xc6-%\x18\xe5_\x92\xab\xf9x\x9f\xacM\x885\xa9\
\xe8+'\xe9\x03\xb7\x8fL\x1bdu>N\xf13\xc5\
BR0\x8e^s\xca\x1c\xc2\xe2_\xc2\xdf\xffu|\
\xd6\xaa]\xb5$\xd4N\xc3~\x17\xf0\x16\xc1I\xc0L\
\xdaCB\xf2?\xb2s\xfb\xb1i\x97\xadN\x11\x18\xd3\
c\x92\x85\xa9\x0b\x1e7\xda\x88\xb8\xc1!\xfc\xe7p\xad\
c\xeb\xbd\x90\xf6,\xc6p\xf0\xe30\x0b\x0a^\x0a\x93\
g\x88\xbdy\x8d\xf5\xca\xcc\x0e\xce\xbdz\xdft\xc5\xf2\
Y\xe0\xb7\x01\xbfjX.\xd39\xee'\xc6\xe6Gb\
\xb5\x0f\x0c\xc7\x12cm.\xedb\xf5\xd6\xc3\xf9\xb6g\
\x14\xb1\x05s'\xe2\x0e\x995\x95\x8e\xf2\xc6\xff\xfah\
y\x04\x80U\xf9\xf3\x14\xa1\xbd\x82\x9f\xc78\xb9\x99\x9e\
>\xd8\xf1H\xa32\xdaLO\x94t\x81a\x05\xe6\x5c\
\x99\x05\xe0\xd28=\xb3L\x14\xf2\xd8p\xec\x99\xaez\
\x86\xc6\x1e$\x95\xd8\x85Yoi\x0db\xadR\xdfW\
\xa6s\xe8\xb6\x95\x99\xe0\x0f\x7f\x8f\xf8\xb3b#]0\
qL\xbe\x01\x8e\x9b\xf3|\xe1\xd5\x034\xad\xee\xd1\xa8\
%\xb2\xdf\xec,\x97\xf7f\xdb3\x81$_/b\xa6\
\xa4\x84r-\xcb\xa32\xef\x9e\xe7\xc0\x058\x8b\xdde\
[\x7f#I\x0e\xed\xe0\x9e\xd5@\xee\xc7\xba\xdf\xe8\xfb\
\x22\xdeex\xb2\xe1\xb4\x7f}\xef\xf4L\xd5m\xdck\
\x5cP\xf0r8\xe7\xef\x1d\xc2P}\xae\xa3\x7f\x09\xb8\
@p\xb1\xad\xe5\xc23\xb2NvPV\xab\xd1\xdap\
\xb7&\xb4\x1f\xe17]\x9e\xcb\x22\xd7\xd8\xcbz\xc6C\
\xfeWQ\xb0\xdf\xe2Q\xcc\xf7,\xfd \xe0'\x09\xda\
|\xc7_u\x8e\x8c{\x8a\xecca\x7f\x05\x13\xcc\xd4\
\xbb\xc3\xf2\xee\xe8\xb3>3\x94$C\xeeL\x92pB\
\x1a\xfd\xbb\xc0\xf9\xc0I\x889m\xadxHE\xbe\x88\
\x88\x90\xc5\xffZ\x1c1\xd6\x93'\xdd\x00\xb2!\x0c\xd9\
h\x149\xf3\xd9J\x80\x84l\x06yk\x18\xf9\x1e`\
\xb3\x15\x1f\xc2\xfa!\xf8?E\xb25*\x0c\xff\xf8\xca\
J\x13h\xa5<\x0b\x0a^Q\xe6\xadk\xe8\x84[F\
\xcb$\xa13\x19\xf1Y\x11.E\x9c#\xb4\xc4P\xcb\
e\xcf\x9a\xf9\x0d\x1d\x90B\xbb\xd6{*\xae7\x07\xa2\
\xdd+n@\x91l\x8d\x09(\xb3C\xcc\x10\xe2\x11\xc3\
]2\xdf\x90\xf8ID\x03O\x9f\x5ck<})\x85\
\xed\x15L\x1aS\xd7\xc0z\xads \xac\xfb\x08\xe9Y\
\xd7B\xd3\xf5N\xc5\xf8\x06\xc5\xf0\x16\x14\xcf\x00\x9d$\
Xd\xab\x82\x5c\x16\x94l\xa5\xad\xaa\x1d2\xed\xab@\
K\x83\x09\xb2Or\x89\xd3\x09\xbcr\x1f\xf8\xabV\xa8\
\x1c\xe7\x971N\xc1Y\xad\xcb\xcbk\x07\x94\x1a\xa7X\
)r\x13x\x16x\x02\xebq\xc9\x9b\x8c\xeek\xc6\xf2\
]q^i_\xd8\x86+\x22\xccZ\x80\xd6_D\xdc\
\xb2\xa8XL\x0a&\x10\x9b3\xef!4\xd6\xc3\xdea\
||'\xd4\xb6\xee=.U\xf9\xed\xc8\xe7\xcb\xe1M\
\xc0\x09\x16UL\xa9U\x0b\xe3\xb1j\xf9\xa98^9\
/jk\x09U\xdb\xa0\x14H\x90\xa3\xd0\x08x\xbf\xcd\
&\xcc\xfa\x10|\xbb\x1aa\xcd\xe8\x9c\xda\xce\xc1\xb90\
{\x13\xc9\x8f\xc0\xf4\x16y\xf1\x82\xc9e*\x19\xd5\x01\
)\x0fYg]K\xd8;\x13'\xdbqy.t\xf5\
\xef\xe9\x1cM*K\x1dy\x8d\xc4R\xac\x93\x0d\xcb%\
\xcf&\xcb\xbbw!u\xd9\xee\x02\xca\xcaN\xbe\xd9\x99\
\xdd\xca\xdc{V\xd5\x93\xad7YJ^c\xceW\xed\
\xe2\xb2\xe72.[\xdd\x9e9\x03\x99\xf8\x9d\xd0\xf8q\
\x17j\xb9ke\x1d?R0NeFA\xa3\xe0\x11\
\xa4\x06\xd0\xc0\xce>\xc2\xa0Q?x\xbb\x146\xdb\xde\
\x8c\xdc\x1f\x13\xb6'\xb1\xf4\x0cie\xc7\xfe.<\x7f\
>~\xe0B\xbc\xe8F\x92\xb0\x1d\xdf\x9d-&\x85#\
/8\xac\xf4\xacvx|7\xda\xfa%\xd2%=\x08\
\xef\xab\xb8^Y\xe2\x90\x9e\x1a\xd0\xe9\x98_\xb6x5\
f\xb6\xd0q\xc8e\x00\x9b \x04\xcf=\xb4\x1f.\x95\
\xba\xd6\xf9{\xdc\xc8\xa8vei\xcc\x97\x85}\xb6w\
K\xec\xc1\xfa\x19\xb0\x1e\xe2\xc3i\xaa\x87G+\xc9\x96\
i\xcd\x8e\xf4\xc9\x990\xdf\x84\xc1\xb9\xc4\x07\xde[\xe8\
7\x14L\x0d\x8e\x9c\xbb\xb0\xd7\xbc\xc1\x84\xf2\x5cX\xff\
\xfb\xf87\xbf\x86v\xf6\xc3\x8c\x14\xd5\xf7\x8ft\xa7I\
\x9cEL\xbb\xad0\x03k\x9e\x88\x0b\x91\x16\x09\x8e3\
t\x08\xba\x80.\xdb\xddB]\x96k\x82\x8aQIv\
\x05(\x19U\x84KFA\xb4\xc3\x84)\xad\x0dA\xab\
o\x07F\x81\x11\xdbM\x89\x11g\x0ez\x14\x18\xc54\
\x84\xea\x88:f\x18\xb9\x0e\x1a\xb1=*4`1`\
\x18\x00\xf6*f\x8b\x86\xa5\x01\xc1 x\xc80\xe4\x98\
\x0c\x85\xce\x8e\xc1\xddKh\xd6v\xa3\xae\x1dxM\xc0\
\xaf^\x0a37\x13Z\x0e}\xeb\xc2\xc2\x89\x17L>\
\x8b\xce\xb4\x96\xf4\xa0]\xcb\xf0\xb2\x0al\xdb\x8a\xbaw\
\x8d\x94\x1a\xc3\xcd\xf9R\x98\x87|\x82\xf1\xebd-1\
,\x94X\x8c\xbd\x08\xe8\x80\xf66Y\xad\x08\x962\x1d\
C\xb5K>\xf3\xfa\xd9\xe76\xb2\x8em\xd1a\xfc\xe3\
\xedG\xc6}\xdd\x9aW0\xf6\x93Y[\x19\x00\xa3\x86\
\x9d\x12[@\x9b\x81-\xb67\x806\x02\xcf\xe0\xb4?\
tL{\xb6Y\x85\x1d{q\xf7<4s;\xfc\xa8\
\xd8D\x17LA\x8e\x1c\x87>\x8e\x90\x9a\x96C\xef?\
\x0d\x1e\xbb\x1fz^\x85v=\x82f\x9fH|l=\
\xa1Z\x1d.\xc7$-\x97\x14\xcaiT\x09\xc5\x8a\xa4\
\x0eEu\xa6\xb8\x8b\x10k\xb2*\x882)\x15DI\
R\x19\xa8`\x92\xbc\x827Jj\xda\x1es\xe8\x01\x0b\
\xe7N\x9cQ\xec\x11\xa0\xa9$\x8c\xc8\x8c\x12\xdd\x00\x0f\
;h\x84\xe8Q\x8b\xd1`5\xa3\x88It\x8c\xa1\x94\
6\x891&\xcd46\x07\x9a\xebW\xceOO\xb9\x04\
\xcd{=\xa1{\x11\xae\xce\x80\xbeG0\x7f\x09\xa7\xf6\
Am7t\xed\x805\x01\xb8\xa28\x09\x14Lal\
.\xfa.\xda\xb6\x15\xd6\xbd\x15\x96|\x19\xcdZ\x0c\xe5\
\xed\xfbB9\x0dUK\x9d\x22\xcc2,\x0afq4\
\xf3\xc1K%\x96\x1a-\x95\xbd\xd8\xd0A>O&\xb3\
9\xb5\xf4\x91\xda\x8ez\x5c\xa7\x5c\xee\xa7\xf3&\xf0\xfc\
\xf0\xdd\x9e2\xe31{\xc9\x83g#\x12\xdbl\x9e\x12\
<i\xf9q\xe0i\xccV\xc1f\x89\x9d\xd1\xda\x8fc\
\xbd\x9f\xae\xd1\xe3Aw\x06\xe2\x9cw\xc3\x89\xb7\xc2\x8e\
=\xf0\x98p\xd1%R0U\x99P-\xf7\x89\x22&\
\xe2\xa6\xf6\xce\xdcp\x7f\xf6Y\xeb\xef\xd7_C\x84j\
\x83U\x8c\xcc\xed\x84\x93\x8e\x83\xb5Og;\xea\x15\xbd\
\xa6\x1e\x9a\x0a\x1aP\x85\x84\x18\x02!\x95\x9a\x16\xa5D\
$\xe3V\x8b\xd1\x08\xb2\x1d\xc7\xf7xG\x08%He\
'D\xe2h\xa4\x22pe\xbak%h6p:\x0c\
\xb7}\x02\xf8\x11:s#Z2\x13\xdd\xb4\x11\x0fE\
 \x02\xaf\xc5\xbc\x1b`\x1a\xacl?\xf5\x0b\xe6\x8c?\
\xf8|\x09\xc8\x8f\xbf\x92\xafbA\xc1+\x8c\xc4w[\
v\xf8x\xabd\x04\xee\xbeb\xba\xb9\x9a!\x9a\x0c\x9d\
3\x9d\x1dn\x0coJ\x9a\xc8\x90\x08\x97C9\xd4b\
3v\x05\xc7\xce\x98\x94f9\xc6\xa5\xb6\x96\x02\x0b,\
\xcf\x95\x99\x03\x9a\x03\x9e\x0e\xea\x00\xaa\xc6\x9d\xca\xd4\x0f\
\x07\xf3|w\x8a\xb4\x0f\xd8k\xb3Gb\xb7\xf1v\xc1\
3\xd1<-\xf14\xf6\xf6\xe008b\x0d%\xf2 \
\xd0\xb4\xdc\xc4\x8eI,\xfb\xf6?\xabd\xade'b\
\xde\x8c\x8f\xffj\xf6\xdf\xday\x0a\xec<\xb5p\xe2\x05\
S\x9f\xff\x06\xf2\x8f\xc3\x86\x93\xf8TA\x00\x00\x00\x00\
IEND\xaeB`\x82\
"

qt_resource_name = b"\
\x00\x08\
\x0aaZ\xa7\
\x00i\
\x00c\x00o\x00n\x00.\x00p\x00n\x00g\
"

qt_resource_struct = b"\
\x00\x00\x00\x00\x00\x02\x00\x00\x00\x01\x00\x00\x00\x01\
\x00\x00\x00\x00\x00\x00\x00\x00\
\x00\x00\x00\x00\x00\x00\x00\x00\x00\x01\x00\x00\x00\x00\
\x00\x00\x01\x99\x22\xd8\xd4\xcd\
"

def qInitResources():
    QtCore.qRegisterResourceData(0x03, qt_resource_struct, qt_resource_name, qt_resource_data)

def qCleanupResources():
    QtCore.qUnregisterResourceData(0x03, qt_resource_struct, qt_resource_name, qt_resource_data)

qInitResources()
